rule,params,market,credits_day1,credits_day3,credits_day7,credits_day30,credits_day90,paid_vs_market,statements_created_day90,eth_to_burn_day90,max_bid_over_market,idle_hours_max,max_paid_over_market,throttler_credits_day90
built,open=100;askFloor=0.8;throttler=1;throttleFrac=0.8,flat,4478.7,12589,18519,21494,24110,0.98533,301,42.234,1.1164,6.7833,1.1166,12944
built,open=100;askFloor=0.8,flat,3374.7,10305,17047,19911,22213,1.0587,277,38.269,1.2351,19.933,1.2354,0
dropToLast,open=100;dropToPct=80;climbPerMin=1;askFloor=0.8;throttler=1;throttleFrac=0.8,flat,66,194,451,1928,5781,0.80401,72,21.078,0.79999,0.36667,1.01,5780
dropToLast,open=100;dropToPct=80;climbPerMin=1;askFloor=0.8,flat,66,194,451,1928,5781,0.80401,72,20.623,0.79999,0.36667,1.01,0
dropToLast,open=100;dropToPct=95;climbPerMin=1;askFloor=0.8;throttler=1;throttleFrac=0.8,flat,284,842,1960,8385,25145,0.80402,314,44.889,0.8,0.083333,1.01,25141
dropToLast,open=100;dropToPct=95;climbPerMin=1;askFloor=0.8,flat,284,842,1960,8385,25145,0.80402,314,47.467,0.8,0.083333,1.01,0
stepped,open=100;dropToPct=80;dropPerCreditPct=1;climbPerMin=1;ceilPct=110;askFloor=0.8;throttler=1;throttleFrac=0.8,flat,1513,4360,10060,29725,30385,0.89462,379.33,54.479,5.9855,28.35,5.9856,29567
stepped,open=100;dropToPct=80;dropPerCreditPct=1;climbPerMin=1;ceilPct=110;askFloor=0.8,flat,1504.3,4348,10044,25716,26323,1.004,328.33,49.332,5.9857,28.35,5.9857,0
stepped,open=100;dropToPct=80;dropPerCreditPct=1;climbPerMin=1;ceilPct=110;clampCredits=20,falling,1758.3,4604.7,10308,43097,54512,0.88612,681,24.078,1.0234,9.0333,1.0234,0
stepped,open=100;dropToPct=80;dropPerCreditPct=1;climbPerMin=1;ceilPct=110;clampCredits=20,flat,1640.7,4483,10181,27187,30555,0.85585,381.67,44.854,1.0318,13.183,1.0318,0
stepped,open=100;dropToPct=80;dropPerCreditPct=1;climbPerMin=1;ceilPct=110;clampCredits=20,rising,1622.7,4444.3,10099,17277,20751,0.80017,259,74.213,1.0076,18.367,1.0099,0
stepped,open=100;dropToPct=80;dropPerCreditPct=1;climbPerMin=1;ceilPct=110;clampCredits=5,falling,1758.3,4604.7,10308,43097,54321,0.88934,678.67,23.995,1.0449,15.45,1.0449,0
stepped,open=100;dropToPct=80;dropPerCreditPct=1;climbPerMin=1;ceilPct=110;clampCredits=5,flat,1640.7,4483,10181,26876,30151,0.86429,376.33,43.826,1.0318,18.5,1.0318,0
stepped,open=100;dropToPct=80;dropPerCreditPct=1;climbPerMin=1;ceilPct=110;clampCredits=5,rising,1622.7,4444.3,10099,16985,20473,0.82016,255.67,76.388,1.323,18.483,1.3231,0
stepped,open=100;dropToPct=80;dropPerCreditPct=1;climbPerMin=1;ceilPct=110;clampCredits=80,falling,1758.3,4604.7,10308,43097,54453,0.88528,680.33,24.332,0.96126,6.5,1.011,0
stepped,open=100;dropToPct=80;dropPerCreditPct=1;climbPerMin=1;ceilPct=110;clampCredits=80,flat,1640.7,4483,10181,26793,30272,0.85529,378,43.618,0.95579,8.25,1.01,0
stepped,open=100;dropToPct=80;dropPerCreditPct=1;climbPerMin=1;ceilPct=110;clampCredits=80,rising,1622.7,4444.3,10099,17097,21242,0.79296,265,80.839,0.9529,11.117,1.0099,0
