rule,params,hour,credits_in_hour,avg_paid_vs_market_in_hour,bid_over_market_at_hour_end,market_vs_start_at_hour_end,pot_eth_at_hour_end
built,open=75,1,158,0.73503,0.743,0.97514,160.38
built,open=75,2,335,0.74628,0.76442,0.95471,164.26
built,open=75,3,107,0.77879,0.79215,0.92973,168.55
built,open=75,4,119,0.80651,0.82059,0.90564,171.85
built,open=75,5,131,0.83525,0.84975,0.88242,174.31
built,open=75,6,164,0.86559,0.87904,0.86047,175.93
built,open=75,7,181,0.89363,0.90885,0.8394,176.92
built,open=75,8,168,0.92644,0.94008,0.81857,177.57
built,open=75,9,209,0.95682,0.9711,0.79905,177.61
built,open=75,10,208,0.98744,1.0032,0.77996,177.36
built,open=75,11,233,1.0202,1.0355,0.76179,176.7
built,open=75,12,212,1.0524,1.0696,0.74362,176.01
built,open=75,13,245,1.0872,1.1036,0.72649,174.9
built,open=75,14,260,1.1216,1.138,0.71,173.53
built,open=75,15,231,1.1569,1.1748,0.69334,172.28
built,open=75,16,233,1.1933,1.2126,0.67709,170.92
built,open=75,17,253,1.2323,1.2508,0.66155,169.31
built,open=75,18,261,1.2708,1.2897,0.64649,167.59
built,open=75,19,268,1.3107,1.3296,0.63187,165.75
built,open=75,20,261,1.3493,1.371,0.61745,163.92
built,open=75,21,272,1.3921,1.4131,0.60351,161.94
built,open=75,22,275,1.4342,1.4563,0.58992,159.92
built,open=75,23,285,1.4785,1.5002,0.57678,157.76
built,open=75,24,283,1.5239,1.5456,0.56389,155.61
built,open=100,1,119,0.97999,0.99045,0.97515,160.38
built,open=100,2,1313,0.98355,0.97492,0.98622,155.05
built,open=100,3,192,0.99168,1.006,0.96327,158.36
built,open=100,4,191,1.0223,1.0382,0.94079,160.77
built,open=100,5,200,1.0553,1.0711,0.91907,162.34
built,open=100,6,241,1.0875,1.103,0.89899,162.92
built,open=100,7,248,1.1204,1.1357,0.87951,162.93
built,open=100,8,246,1.1519,1.1694,0.86036,162.54
built,open=100,9,269,1.1862,1.203,0.84222,161.58
built,open=100,10,247,1.2226,1.2387,0.82383,160.54
built,open=100,11,233,1.2592,1.2762,0.80545,159.38
built,open=100,12,277,1.2957,1.3123,0.78859,157.61
built,open=100,13,280,1.3326,1.3492,0.77213,155.65
built,open=100,14,270,1.3686,1.3878,0.75572,153.64
built,open=100,15,283,1.4072,1.4266,0.73994,151.4
built,open=100,16,292,1.4467,1.4658,0.72469,148.96
built,open=100,17,300,1.4866,1.5055,0.7099,146.36
built,open=100,18,272,1.5269,1.5482,0.6947,143.97
built,open=100,19,308,1.571,1.5894,0.68066,141.16
built,open=100,20,321,1.6106,1.6305,0.66715,138.17
built,open=100,21,352,1.6506,1.6701,0.65458,134.83
built,open=100,22,352,1.6922,1.7105,0.6422,131.44
built,open=100,23,323,1.7331,1.7543,0.62935,128.31
built,open=100,24,349,1.7786,1.7966,0.61729,124.89
dropToLast,open=100;dropToPct=80;climbPerMin=1,1,7,0.62158,0.38822,0.97167,161.39
dropToLast,open=100;dropToPct=80;climbPerMin=1,2,2,0.44845,0.46459,0.94403,167.49
dropToLast,open=100;dropToPct=80;climbPerMin=1,3,3,0.48582,0.44478,0.91719,172.49
dropToLast,open=100;dropToPct=80;climbPerMin=1,4,3,0.49202,0.42582,0.89112,176.57
dropToLast,open=100;dropToPct=80;climbPerMin=1,5,3,0.48167,0.40766,0.86578,179.92
dropToLast,open=100;dropToPct=80;climbPerMin=1,6,2,0.50383,0.48786,0.84115,182.66
dropToLast,open=100;dropToPct=80;climbPerMin=1,7,3,0.50658,0.46706,0.81724,184.89
dropToLast,open=100;dropToPct=80;climbPerMin=1,8,3,0.51093,0.44715,0.794,186.72
dropToLast,open=100;dropToPct=80;climbPerMin=1,9,3,0.51715,0.42809,0.77142,188.22
dropToLast,open=100;dropToPct=80;climbPerMin=1,10,2,0.51553,0.51231,0.74948,189.45
dropToLast,open=100;dropToPct=80;climbPerMin=1,11,3,0.51737,0.49048,0.72816,190.45
dropToLast,open=100;dropToPct=80;climbPerMin=1,12,3,0.52365,0.46957,0.70745,191.26
dropToLast,open=100;dropToPct=80;climbPerMin=1,13,3,0.50497,0.44956,0.68733,191.93
dropToLast,open=100;dropToPct=80;climbPerMin=1,14,3,0.51824,0.43039,0.66778,192.48
dropToLast,open=100;dropToPct=80;climbPerMin=1,15,2,0.50009,0.51507,0.64878,192.93
dropToLast,open=100;dropToPct=80;climbPerMin=1,16,3,0.50228,0.49312,0.63033,193.29
dropToLast,open=100;dropToPct=80;climbPerMin=1,17,3,0.53756,0.4721,0.6124,193.58
dropToLast,open=100;dropToPct=80;climbPerMin=1,18,3,0.5242,0.45198,0.59498,193.82
dropToLast,open=100;dropToPct=80;climbPerMin=1,19,2,0.47929,0.54091,0.57804,194.02
dropToLast,open=100;dropToPct=80;climbPerMin=1,20,4,0.49935,0.41428,0.5616,194.18
dropToLast,open=100;dropToPct=80;climbPerMin=1,21,3,0.51151,0.39663,0.54562,194.31
dropToLast,open=100;dropToPct=80;climbPerMin=1,22,2,0.52733,0.47466,0.5301,194.42
dropToLast,open=100;dropToPct=80;climbPerMin=1,23,3,0.53592,0.45444,0.51501,194.5
dropToLast,open=100;dropToPct=80;climbPerMin=1,24,3,0.51673,0.43507,0.50036,194.57
dropToLast,open=100;dropToPct=95;climbPerMin=1,1,25,0.64368,0.5133,0.97203,161.29
dropToLast,open=100;dropToPct=95;climbPerMin=1,2,12,0.53441,0.51856,0.94454,167.34
dropToLast,open=100;dropToPct=95;climbPerMin=1,3,11,0.55808,0.55145,0.91781,172.3
dropToLast,open=100;dropToPct=95;climbPerMin=1,4,12,0.56915,0.5571,0.89184,176.34
dropToLast,open=100;dropToPct=95;climbPerMin=1,5,12,0.56429,0.56282,0.86661,179.64
dropToLast,open=100;dropToPct=95;climbPerMin=1,6,12,0.58503,0.56859,0.84208,182.32
dropToLast,open=100;dropToPct=95;climbPerMin=1,7,12,0.59306,0.57443,0.81825,184.52
dropToLast,open=100;dropToPct=95;climbPerMin=1,8,12,0.60697,0.58033,0.79509,186.31
dropToLast,open=100;dropToPct=95;climbPerMin=1,9,12,0.61056,0.58629,0.77258,187.76
dropToLast,open=100;dropToPct=95;climbPerMin=1,10,12,0.60535,0.59232,0.7507,188.95
dropToLast,open=100;dropToPct=95;climbPerMin=1,11,12,0.62101,0.59841,0.72943,189.91
dropToLast,open=100;dropToPct=95;climbPerMin=1,12,12,0.61984,0.60457,0.70877,190.69
dropToLast,open=100;dropToPct=95;climbPerMin=1,13,12,0.6295,0.6108,0.68868,191.3
dropToLast,open=100;dropToPct=95;climbPerMin=1,14,12,0.62785,0.61709,0.66916,191.81
dropToLast,open=100;dropToPct=95;climbPerMin=1,15,12,0.63805,0.62345,0.6502,192.22
dropToLast,open=100;dropToPct=95;climbPerMin=1,16,12,0.63158,0.62988,0.63176,192.55
dropToLast,open=100;dropToPct=95;climbPerMin=1,17,13,0.63884,0.60456,0.61385,192.81
dropToLast,open=100;dropToPct=95;climbPerMin=1,18,11,0.61908,0.64296,0.59643,193.02
dropToLast,open=100;dropToPct=95;climbPerMin=1,19,14,0.61936,0.58626,0.57952,193.17
dropToLast,open=100;dropToPct=95;climbPerMin=1,20,11,0.64625,0.6235,0.56307,193.3
dropToLast,open=100;dropToPct=95;climbPerMin=1,21,12,0.65998,0.62995,0.54709,193.39
dropToLast,open=100;dropToPct=95;climbPerMin=1,22,12,0.66054,0.63647,0.53156,193.47
dropToLast,open=100;dropToPct=95;climbPerMin=1,23,14,0.65384,0.58034,0.51649,193.52
dropToLast,open=100;dropToPct=95;climbPerMin=1,24,10,0.65563,0.64971,0.50181,193.56
dropToLast,open=100;dropToPct=95;climbPerMin=2,1,36,0.61748,0.52203,0.97222,161.23
dropToLast,open=100;dropToPct=95;climbPerMin=2,2,22,0.56132,0.57018,0.94489,167.24
dropToLast,open=100;dropToPct=95;climbPerMin=2,3,23,0.58241,0.59161,0.91835,172.12
dropToLast,open=100;dropToPct=95;climbPerMin=2,4,24,0.60722,0.58315,0.89256,176.1
dropToLast,open=100;dropToPct=95;climbPerMin=2,5,23,0.60955,0.60509,0.86747,179.34
dropToLast,open=100;dropToPct=95;climbPerMin=2,6,24,0.62688,0.59645,0.8431,181.98
dropToLast,open=100;dropToPct=95;climbPerMin=2,7,23,0.63613,0.61889,0.81939,184.1
dropToLast,open=100;dropToPct=95;climbPerMin=2,8,23,0.64854,0.64219,0.79633,185.84
dropToLast,open=100;dropToPct=95;climbPerMin=2,9,24,0.65806,0.63304,0.77394,187.23
dropToLast,open=100;dropToPct=95;climbPerMin=2,10,25,0.66701,0.59281,0.75217,188.34
dropToLast,open=100;dropToPct=95;climbPerMin=2,11,24,0.67052,0.58438,0.731,189.24
dropToLast,open=100;dropToPct=95;climbPerMin=2,12,21,0.6548,0.67194,0.71037,189.98
dropToLast,open=100;dropToPct=95;climbPerMin=2,13,26,0.67657,0.5978,0.69037,190.55
dropToLast,open=100;dropToPct=95;climbPerMin=2,14,21,0.6715,0.68739,0.67088,191.01
dropToLast,open=100;dropToPct=95;climbPerMin=2,15,24,0.69622,0.67764,0.65196,191.36
dropToLast,open=100;dropToPct=95;climbPerMin=2,16,24,0.68197,0.66805,0.63357,191.64
dropToLast,open=100;dropToPct=95;climbPerMin=2,17,23,0.70028,0.69326,0.61568,191.84
dropToLast,open=100;dropToPct=95;climbPerMin=2,18,25,0.69415,0.64928,0.5983,192
dropToLast,open=100;dropToPct=95;climbPerMin=2,19,23,0.70257,0.6738,0.5814,192.11
dropToLast,open=100;dropToPct=95;climbPerMin=2,20,23,0.70024,0.69926,0.56496,192.19
dropToLast,open=100;dropToPct=95;climbPerMin=2,21,24,0.71549,0.6894,0.54899,192.24
dropToLast,open=100;dropToPct=95;climbPerMin=2,22,24,0.72051,0.67967,0.53347,192.27
dropToLast,open=100;dropToPct=95;climbPerMin=2,23,23,0.72373,0.70537,0.51838,192.28
dropToLast,open=100;dropToPct=95;climbPerMin=2,24,23,0.72839,0.73205,0.50371,192.26
stepped,open=100;dropToPct=80;dropPerCreditPct=1;climbPerMin=1;ceilPct=110,1,141,0.82483,0.91146,0.97514,160.38
stepped,open=100;dropToPct=80;dropPerCreditPct=1;climbPerMin=1;ceilPct=110,2,265,0.74007,0.7417,0.95312,164.74
stepped,open=100;dropToPct=80;dropPerCreditPct=1;climbPerMin=1;ceilPct=110,3,61,0.75027,0.75034,0.92714,169.36
stepped,open=100;dropToPct=80;dropPerCreditPct=1;climbPerMin=1;ceilPct=110,4,60,0.76605,0.76679,0.90182,173.07
stepped,open=100;dropToPct=80;dropPerCreditPct=1;climbPerMin=1;ceilPct=110,5,61,0.78008,0.77577,0.87719,176.03
stepped,open=100;dropToPct=80;dropPerCreditPct=1;climbPerMin=1;ceilPct=110,6,60,0.79218,0.79283,0.85318,178.4
stepped,open=100;dropToPct=80;dropPerCreditPct=1;climbPerMin=1;ceilPct=110,7,62,0.79803,0.79414,0.82983,180.28
stepped,open=100;dropToPct=80;dropPerCreditPct=1;climbPerMin=1;ceilPct=110,8,61,0.80781,0.80354,0.80707,181.75
stepped,open=100;dropToPct=80;dropPerCreditPct=1;climbPerMin=1;ceilPct=110,9,61,0.81655,0.81307,0.7849,182.89
stepped,open=100;dropToPct=80;dropPerCreditPct=1;climbPerMin=1;ceilPct=110,10,61,0.82328,0.82275,0.76332,183.76
stepped,open=100;dropToPct=80;dropPerCreditPct=1;climbPerMin=1;ceilPct=110,11,61,0.83311,0.83258,0.7423,184.43
stepped,open=100;dropToPct=80;dropPerCreditPct=1;climbPerMin=1;ceilPct=110,12,63,0.83778,0.82575,0.72186,184.9
stepped,open=100;dropToPct=80;dropPerCreditPct=1;climbPerMin=1;ceilPct=110,13,61,0.84063,0.83568,0.70193,185.24
stepped,open=100;dropToPct=80;dropPerCreditPct=1;climbPerMin=1;ceilPct=110,14,61,0.84138,0.84577,0.68251,185.46
stepped,open=100;dropToPct=80;dropPerCreditPct=1;climbPerMin=1;ceilPct=110,15,62,0.8492,0.84743,0.66362,185.58
stepped,open=100;dropToPct=80;dropPerCreditPct=1;climbPerMin=1;ceilPct=110,16,62,0.85033,0.84913,0.64523,185.65
stepped,open=100;dropToPct=80;dropPerCreditPct=1;climbPerMin=1;ceilPct=110,17,61,0.8611,0.85947,0.62732,185.64
stepped,open=100;dropToPct=80;dropPerCreditPct=1;climbPerMin=1;ceilPct=110,18,62,0.86718,0.86124,0.6099,185.58
stepped,open=100;dropToPct=80;dropPerCreditPct=1;climbPerMin=1;ceilPct=110,19,63,0.86677,0.85442,0.59295,185.48
stepped,open=100;dropToPct=80;dropPerCreditPct=1;climbPerMin=1;ceilPct=110,20,61,0.87398,0.86491,0.57643,185.37
stepped,open=100;dropToPct=80;dropPerCreditPct=1;climbPerMin=1;ceilPct=110,21,64,0.86869,0.84952,0.56037,185.21
stepped,open=100;dropToPct=80;dropPerCreditPct=1;climbPerMin=1;ceilPct=110,22,59,0.88307,0.87749,0.54471,185.05
stepped,open=100;dropToPct=80;dropPerCreditPct=1;climbPerMin=1;ceilPct=110,23,61,0.88873,0.88835,0.52949,184.87
stepped,open=100;dropToPct=80;dropPerCreditPct=1;climbPerMin=1;ceilPct=110,24,62,0.89056,0.89036,0.51468,184.69
stepped,open=100;dropToPct=80;dropPerCreditPct=0.5;climbPerMin=0.5;ceilPct=125,1,139,0.83652,1.0306,0.97514,160.38
stepped,open=100;dropToPct=80;dropPerCreditPct=0.5;climbPerMin=0.5;ceilPct=125,2,601,0.83297,0.8302,0.9622,162.04
stepped,open=100;dropToPct=80;dropPerCreditPct=0.5;climbPerMin=0.5;ceilPct=125,3,64,0.83563,0.83518,0.93608,166.58
stepped,open=100;dropToPct=80;dropPerCreditPct=0.5;climbPerMin=0.5;ceilPct=125,4,64,0.83873,0.84023,0.91061,170.23
stepped,open=100;dropToPct=80;dropPerCreditPct=0.5;climbPerMin=0.5;ceilPct=125,5,65,0.84627,0.84111,0.88581,173.13
stepped,open=100;dropToPct=80;dropPerCreditPct=0.5;climbPerMin=0.5;ceilPct=125,6,62,0.85331,0.85485,0.86159,175.45
stepped,open=100;dropToPct=80;dropPerCreditPct=0.5;climbPerMin=0.5;ceilPct=125,7,65,0.85879,0.85583,0.83805,177.27
stepped,open=100;dropToPct=80;dropPerCreditPct=0.5;climbPerMin=0.5;ceilPct=125,8,68,0.86206,0.84401,0.81516,178.66
stepped,open=100;dropToPct=80;dropPerCreditPct=0.5;climbPerMin=0.5;ceilPct=125,9,63,0.86697,0.85361,0.79277,179.78
stepped,open=100;dropToPct=80;dropPerCreditPct=0.5;climbPerMin=0.5;ceilPct=125,10,62,0.873,0.86772,0.77094,180.62
stepped,open=100;dropToPct=80;dropPerCreditPct=0.5;climbPerMin=0.5;ceilPct=125,11,63,0.87891,0.87767,0.7497,181.24
stepped,open=100;dropToPct=80;dropPerCreditPct=0.5;climbPerMin=0.5;ceilPct=125,12,65,0.88295,0.87888,0.72904,181.68
stepped,open=100;dropToPct=80;dropPerCreditPct=0.5;climbPerMin=0.5;ceilPct=125,13,64,0.88449,0.88458,0.7089,181.98
stepped,open=100;dropToPct=80;dropPerCreditPct=0.5;climbPerMin=0.5;ceilPct=125,14,64,0.8882,0.89035,0.68929,182.18
stepped,open=100;dropToPct=80;dropPerCreditPct=0.5;climbPerMin=0.5;ceilPct=125,15,68,0.88534,0.87835,0.67024,182.26
stepped,open=100;dropToPct=80;dropPerCreditPct=0.5;climbPerMin=0.5;ceilPct=125,16,62,0.89517,0.8931,0.65161,182.29
stepped,open=100;dropToPct=80;dropPerCreditPct=0.5;climbPerMin=0.5;ceilPct=125,17,67,0.89816,0.88557,0.63354,182.23
stepped,open=100;dropToPct=80;dropPerCreditPct=0.5;climbPerMin=0.5;ceilPct=125,18,62,0.90248,0.90051,0.61589,182.16
stepped,open=100;dropToPct=80;dropPerCreditPct=0.5;climbPerMin=0.5;ceilPct=125,19,67,0.90096,0.893,0.59876,182.04
stepped,open=100;dropToPct=80;dropPerCreditPct=0.5;climbPerMin=0.5;ceilPct=125,20,62,0.90587,0.90813,0.58204,181.89
stepped,open=100;dropToPct=80;dropPerCreditPct=0.5;climbPerMin=0.5;ceilPct=125,21,68,0.91007,0.8961,0.56582,181.7
stepped,open=100;dropToPct=80;dropPerCreditPct=0.5;climbPerMin=0.5;ceilPct=125,22,62,0.90676,0.91135,0.54997,181.52
stepped,open=100;dropToPct=80;dropPerCreditPct=0.5;climbPerMin=0.5;ceilPct=125,23,64,0.91561,0.91761,0.53458,181.31
stepped,open=100;dropToPct=80;dropPerCreditPct=0.5;climbPerMin=0.5;ceilPct=125,24,69,0.91462,0.90101,0.51963,181.08
