group,date,n,eth_volume,wpp_median,wpp_p10,wpp_p90,credit_price_eth_median,credit_price_eth_p10,credit_price_eth_p90
all_sales,2026-09-23,38796,1327.40487,7.90680158e+13,4.29842579e+13,2.24798156e+14,0.03,0.024057,0.04159
all_sales,2026-09-24,12304,428.330039,7.72494989e+13,4.56450339e+13,2.2413501e+14,0.0303,0.0274,0.035
all_sales,2026-09-25,6160,177.329581,6.63833298e+13,3.92070055e+13,1.91428551e+14,0.026154995,0.0235,0.03
all_sales,2026-09-26,4536,128.301062,6.16980314e+13,3.6823105e+13,1.85950545e+14,0.025,0.022499999,0.03
all_sales,2026-09-27,4502,125.18893,6.48506722e+13,3.798659e+13,1.88421596e+14,0.026,0.023859,0.03
all_sales,2026-09-28,5822,146.316352,6.05703212e+13,3.55276388e+13,1.73083859e+14,0.024677,0.0217,0.03
all_sales,2026-09-29,5734,163.931108,6.46260378e+13,3.9273556e+13,1.87136619e+14,0.0275,0.025,0.03
all_sales,2026-09-30,5202,151.12246,6.5424327e+13,4.01502337e+13,1.81447958e+14,0.02844,0.0258,0.03
all_sales,2026-10-01,6598,177.21123,6.18224518e+13,3.59038918e+13,1.78769672e+14,0.0269,0.0207,0.0314
all_sales,2026-10-02,12351,174.83059,2.92623926e+13,1.65254131e+13,9.10269846e+13,0.0123,0.0093,0.025
all_sales,2026-10-03,5473,71.6191828,2.58409341e+13,1.35818259e+13,8.86629988e+13,0.009488,0.008316,0.0298
all_sales,2026-10-04,5706,65.8143274,2.25744468e+13,1.19026996e+13,7.87548574e+13,0.0082,0.0069,0.0302721502
all_sales,2026-10-05,3471,32.0726215,2.01895015e+13,1.22389034e+13,5.52842103e+13,0.0085,0.0068,0.012
all_sales,2026-10-06,898,11.8731044,2.62608346e+13,1.91478322e+13,7.35798457e+13,0.011777,0.0105,0.017109
market (seaport+blur+strategy purchase seaport legs),2026-09-23,38697,1313.2654,7.8387458e+13,4.27218243e+13,2.22286321e+14,0.03,0.024,0.041
market (seaport+blur+strategy purchase seaport legs),2026-09-24,12045,416.449501,7.60683555e+13,4.52993855e+13,2.19569297e+14,0.030195,0.0272,0.034
market (seaport+blur+strategy purchase seaport legs),2026-09-25,6154,172.303486,6.44122969e+13,3.86664262e+13,1.85662616e+14,0.02585,0.0232,0.0288
market (seaport+blur+strategy purchase seaport legs),2026-09-26,4520,123.681403,5.85860395e+13,3.60897008e+13,1.76862135e+14,0.0249,0.0223,0.0269
market (seaport+blur+strategy purchase seaport legs),2026-09-27,4184,112.480468,6.26447062e+13,3.7293363e+13,1.79809293e+14,0.0255,0.0237,0.0275
market (seaport+blur+strategy purchase seaport legs),2026-09-28,5362,130.926988,5.75719911e+13,3.49428045e+13,1.66443081e+14,0.023898,0.0214,0.0255
market (seaport+blur+strategy purchase seaport legs),2026-09-29,5229,145.531344,6.34631668e+13,3.87626481e+13,1.80918978e+14,0.027,0.0247978,0.0283
market (seaport+blur+strategy purchase seaport legs),2026-09-30,4325,121.403873,6.15097854e+13,3.90362439e+13,1.69018559e+14,0.027,0.025799,0.02935
market (seaport+blur+strategy purchase seaport legs),2026-10-01,4387,110.098875,5.44387931e+13,3.37944875e+13,1.55984733e+14,0.0252,0.0202999,0.027999
market (seaport+blur+strategy purchase seaport legs),2026-10-02,11151,139.595992,2.67562039e+13,1.62108193e+13,7.56676249e+13,0.01199,0.009108,0.0155
market (seaport+blur+strategy purchase seaport legs),2026-10-03,4508,43.6271181,2.13988507e+13,1.31827841e+13,6.0889434e+13,0.0092,0.008273,0.0111
market (seaport+blur+strategy purchase seaport legs),2026-10-04,4814,39.2906719,1.92437634e+13,1.15763272e+13,5.31875622e+13,0.00787334394,0.0067,0.0092
market (seaport+blur+strategy purchase seaport legs),2026-10-05,3447,31.3358964,2.01353109e+13,1.22155613e+13,5.41862308e+13,0.0085,0.0068,0.011777
market (seaport+blur+strategy purchase seaport legs),2026-10-06,890,11.7766616,2.62750121e+13,1.91738975e+13,7.34300794e+13,0.011777,0.0105,0.01720777
seaport listing fill,2026-09-23,31835,1096.29067,7.83813747e+13,4.29912882e+13,2.23138599e+14,0.03,0.024416,0.042
seaport listing fill,2026-09-24,9360,329.895269,7.51580768e+13,4.53178862e+13,2.17495287e+14,0.03088,0.0275,0.03461
seaport listing fill,2026-09-25,3328,97.2712113,6.15807571e+13,3.8310128e+13,1.76594214e+14,0.026,0.02374,0.030393
seaport listing fill,2026-09-26,1998,59.3700618,5.22764336e+13,3.59036113e+13,1.68374079e+14,0.025245,0.022699999,0.03
seaport listing fill,2026-09-27,1890,52.9410295,5.41941845e+13,3.68216329e+13,1.59219499e+14,0.0259,0.023859,0.0292532
seaport listing fill,2026-09-28,2528,64.0289522,5.48989865e+13,3.48323987e+13,1.53940217e+14,0.024245,0.0217999594,0.026693
seaport listing fill,2026-09-29,3049,86.7159884,5.86251581e+13,3.83183871e+13,1.69425832e+14,0.02729,0.02518,0.029
seaport listing fill,2026-09-30,2133,62.1132643,5.52526572e+13,3.8530236e+13,1.52477016e+14,0.02781,0.026,0.031
seaport listing fill,2026-10-01,2411,60.1310179,4.98295369e+13,3.26730373e+13,1.41331658e+14,0.024948,0.020295,0.0283
seaport listing fill,2026-10-02,7143,91.7377261,2.65443906e+13,1.63626112e+13,7.71895443e+13,0.0122493,0.00924,0.0165858
seaport listing fill,2026-10-03,3074,30.7184384,2.13988507e+13,1.3661946e+13,6.01799903e+13,0.00948,0.0084998,0.012
seaport listing fill,2026-10-04,2821,24.0798624,1.87288087e+13,1.18824229e+13,5.24241691e+13,0.008199,0.007193,0.0096
seaport listing fill,2026-10-05,2550,24.4223792,2.01410249e+13,1.26474637e+13,5.46335215e+13,0.0087992,0.0069572,0.0125049
seaport listing fill,2026-10-06,710,9.85416656,2.61666505e+13,2.13028938e+13,7.32003688e+13,0.012,0.0109,0.018
seaport offer accept,2026-09-23,4761,155.65,7.72229328e+13,4.13778608e+13,2.18787412e+14,0.031,0.0221,0.0384
seaport offer accept,2026-09-24,1416,44.2437,7.48531998e+13,4.32398447e+13,2.14756426e+14,0.0285,0.026,0.032
seaport offer accept,2026-09-25,1350,36.5607,6.19465573e+13,3.67088242e+13,1.81123555e+14,0.0249,0.0225,0.0273
seaport offer accept,2026-09-26,941,22.884,5.60709484e+13,3.40131282e+13,1.7373624e+14,0.0236,0.0215,0.0261
seaport offer accept,2026-09-27,1087,28.3844,6.2267282e+13,3.59404207e+13,1.82600971e+14,0.0246,0.0232,0.0268
seaport offer accept,2026-09-28,1601,37.3975,5.59475806e+13,3.37193409e+13,1.70726913e+14,0.023,0.0209,0.025
seaport offer accept,2026-09-29,980,26.8143,6.71107598e+13,3.81129572e+13,1.7926547e+14,0.0265,0.0241,0.028
seaport offer accept,2026-09-30,1282,34.5693,6.5389178e+13,3.82818305e+13,1.75594871e+14,0.0261,0.0256,0.0281
seaport offer accept,2026-10-01,1204,29.0771,5.45346527e+13,3.35000739e+13,1.557643e+14,0.0246,0.0192,0.0271
seaport offer accept,2026-10-02,3792,44.981,2.69477542e+13,1.58683465e+13,7.36498997e+13,0.0112,0.0091,0.015
seaport offer accept,2026-10-03,1384,12.4301,2.11340632e+13,1.23018043e+13,6.12173739e+13,0.0087,0.008,0.0097
seaport offer accept,2026-10-04,1957,14.9155,2.01461682e+13,1.1256426e+13,5.45777962e+13,0.0075,0.0065,0.0089
seaport offer accept,2026-10-05,870,6.649,1.99468498e+13,1.08190847e+13,5.28915007e+13,0.0076,0.0065,0.0087
seaport offer accept,2026-10-06,172,1.826,2.93505174e+13,1.53160481e+13,8.07104582e+13,0.0105,0.0101,0.01129
credit strategy sale,2026-09-23,78,2.784,9.30183182e+13,5.00118954e+13,2.41483886e+14,0.036,0.024,0.0396
credit strategy sale,2026-09-24,197,6.024,8.51541901e+13,4.74868768e+13,2.35927755e+14,0.03,0.03,0.03
credit strategy sale,2026-09-25,4,0.132,4.63540831e+13,4.13901616e+13,5.1061827e+13,0.033,0.03,0.036
credit strategy sale,2026-09-27,10,0.36,7.91339041e+13,4.59095405e+13,1.51550322e+14,0.036,0.03,0.0426
credit strategy sale,2026-09-28,17,0.534,5.40345821e+13,4.52950437e+13,1.18648118e+14,0.03,0.03,0.036
credit strategy sale,2026-09-29,122,3.894,5.3449678e+13,3.96014346e+13,1.41831868e+14,0.03,0.03,0.036
credit strategy sale,2026-09-30,193,6.654,6.83427472e+13,4.75794421e+13,1.84166988e+14,0.036,0.03,0.036
credit strategy sale,2026-10-01,30,1.032,7.43749476e+13,4.7684701e+13,1.80986495e+14,0.036,0.03,0.036
credit strategy sale,2026-10-02,10,0.248651343,6.14893851e+13,1.8910212e+13,1.69682912e+14,0.024,0.0126841054,0.036
credit strategy sale,2026-10-03,7,0.11096622,1.67317345e+13,1.60874654e+13,4.39452074e+13,0.012,0.012,0.0233797319
credit strategy sale,2026-10-04,1,0.00764722498,3.22377445e+13,3.22377445e+13,3.22377445e+13,0.00764722498,0.00764722498,0.00764722498
credit strategy sale,2026-10-05,2,0.024,8.32063312e+13,2.97713962e+13,1.36641266e+14,0.012,0.012,0.012
credit strategy sale,2026-10-06,7,0.0813143013,2.34979199e+13,1.98657798e+13,6.6198599e+13,0.012,0.010745081,0.012
credit strategy purchase (price paid by strategy),2026-09-23,1962,65.9,9.99412848e+13,4.94641123e+13,2.66756126e+14,0.03,0.03,0.04
credit strategy purchase (price paid by strategy),2026-09-24,1299,42.18,9.56332231e+13,5.14807339e+13,2.63103889e+14,0.03,0.03,0.035
credit strategy purchase (price paid by strategy),2026-09-25,1470,43.14,8.39865622e+13,4.61044346e+13,2.2761272e+14,0.03,0.025,0.03
credit strategy purchase (price paid by strategy),2026-09-26,1593,43.795,7.61409338e+13,4.20711127e+13,2.02566492e+14,0.025,0.025,0.03
credit strategy purchase (price paid by strategy),2026-09-27,1506,43.275,8.22445503e+13,4.40113247e+13,2.23591055e+14,0.03,0.025,0.03
credit strategy purchase (price paid by strategy),2026-09-28,1671,44.225,7.38136377e+13,3.97358993e+13,2.07916115e+14,0.025,0.025,0.03
credit strategy purchase (price paid by strategy),2026-09-29,1469,43.23,7.96809574e+13,4.4770692e+13,2.24781775e+14,0.03,0.025,0.03
credit strategy purchase (price paid by strategy),2026-09-30,1432,42.99,7.85117283e+13,4.63516941e+13,2.10503125e+14,0.03,0.03,0.03
credit strategy purchase (price paid by strategy),2026-10-01,1148,33.87041,7.41161659e+13,4.40988836e+13,2.01259031e+14,0.03,0.025,0.03
credit strategy purchase (price paid by strategy),2026-10-02,191,3.22673667,3.86798016e+13,2.25635095e+13,1.12278703e+14,0.015,0.0127006398,0.02
credit strategy purchase (price paid by strategy),2026-10-03,38,0.411319696,4.29990799e+13,1.72861176e+13,1.00121906e+14,0.01,0.01,0.015
credit strategy purchase (price paid by strategy),2026-10-04,14,0.144802368,3.34544669e+13,1.54622e+13,8.25546619e+13,0.01,0.00893473709,0.0135
credit strategy purchase (price paid by strategy),2026-10-05,15,0.189247335,4.34023006e+13,2.46312989e+13,1.04804115e+14,0.01,0.01,0.015
credit strategy purchase (price paid by strategy),2026-10-06,2,0.026574492,9.59507352e+13,3.97860706e+13,1.521154e+14,0.013287246,0.0119170428,0.0146574492
strategy purchase seaport leg (price seller received from searcher),2026-09-23,1941,54.5445288,8.34348356e+13,4.2266951e+13,2.14456054e+14,0.02739999,0.0238,0.034
strategy purchase seaport leg (price seller received from searcher),2026-09-24,1237,36.3234619,8.61842677e+13,4.63236643e+13,2.33160968e+14,0.029,0.027,0.0323
strategy purchase seaport leg (price seller received from searcher),2026-09-25,1468,38.2459045,7.42489343e+13,4.14342889e+13,2.04999634e+14,0.0260295,0.0235,0.0281
strategy purchase seaport leg (price seller received from searcher),2026-09-26,1577,39.1753408,6.87391427e+13,3.84319165e+13,1.85446643e+14,0.0249,0.0227,0.0268
strategy purchase seaport leg (price seller received from searcher),2026-09-27,1198,30.9265383,7.55574267e+13,4.12351606e+13,1.98315547e+14,0.026111115,0.0242,0.0272779091
strategy purchase seaport leg (price seller received from searcher),2026-09-28,1231,29.4496354,6.70700588e+13,3.68695314e+13,1.84301344e+14,0.024,0.0224293699,0.0252506
strategy purchase seaport leg (price seller received from searcher),2026-09-29,1190,31.5610557,7.45623539e+13,4.13529052e+13,2.08530782e+14,0.0267,0.0246,0.0279908
strategy purchase seaport leg (price seller received from searcher),2026-09-30,909,24.693309,7.27883539e+13,4.28724757e+13,1.91264252e+14,0.026698,0.026,0.0287
strategy purchase seaport leg (price seller received from searcher),2026-10-01,762,20.3078573,6.66083985e+13,3.98462422e+13,1.81282824e+14,0.0266979998,0.0249949,0.02815
strategy purchase seaport leg (price seller received from searcher),2026-10-02,185,2.33543525,3.10546203e+13,1.88782949e+13,8.18552612e+13,0.0121,0.008708,0.014954
strategy purchase seaport leg (price seller received from searcher),2026-10-03,37,0.352779782,4.20574403e+13,1.3565118e+13,8.14339318e+13,0.0096,0.009162536,0.00972368021
strategy purchase seaport leg (price seller received from searcher),2026-10-04,14,0.108234017,2.60309578e+13,1.20216731e+13,6.2916682e+13,0.007198,0.00686937515,0.0088997
strategy purchase seaport leg (price seller received from searcher),2026-10-05,15,0.1306172,3.33083832e+13,1.92268347e+13,7.56943235e+13,0.00879,0.0086,0.0091262
strategy purchase seaport leg (price seller received from searcher),2026-10-06,1,0.011446,2.54591024e+13,2.54591024e+13,2.54591024e+13,0.011446,0.011446,0.011446
"blur takeAsk (single-token, single-maker only)",2026-09-23,160,6.7802018,6.58367979e+13,3.81667494e+13,1.72467801e+14,0.0282,0.02286,0.06359
"blur takeAsk (single-token, single-maker only)",2026-09-24,32,5.98707036,7.9425622e+13,4.54270097e+13,4.30949957e+14,0.0331,0.027044,0.342997
"blur takeAsk (single-token, single-maker only)",2026-09-25,8,0.22567,7.50745836e+13,4.42048372e+13,1.69521566e+14,0.027,0.026386,0.03133
"blur takeAsk (single-token, single-maker only)",2026-09-26,4,2.252,1.72197843e+14,5.54060548e+13,1.82827887e+15,0.1135,0.0265,1.4591
"blur takeAsk (single-token, single-maker only)",2026-09-27,9,0.2285,5.81887021e+13,3.96327953e+13,2.3867598e+14,0.0255,0.0251,0.0255
"blur takeAsk (single-token, single-maker only)",2026-09-28,2,0.0509,9.48538202e+13,5.63067942e+13,1.33400846e+14,0.02545,0.02541,0.02549
"blur takeAsk (single-token, single-maker only)",2026-09-29,10,0.43999999,4.23037083e+13,3.87779046e+13,6.27653385e+13,0.03,0.025,0.0453
"blur takeAsk (single-token, single-maker only)",2026-09-30,1,0.028,4.10538704e+13,4.10538704e+13,4.10538704e+13,0.028,0.028,0.028
"blur takeAsk (single-token, single-maker only)",2026-10-01,10,0.5829,6.73376639e+13,3.54787991e+13,1.73098855e+14,0.0259,0.02384,0.1379
"blur takeAsk (single-token, single-maker only)",2026-10-02,31,0.541830475,2.93230549e+13,1.76937143e+13,8.42537313e+13,0.0122,0.0107,0.0197
"blur takeAsk (single-token, single-maker only)",2026-10-03,13,0.1258,1.8595977e+13,1.23040777e+13,6.42274949e+13,0.0091,0.0087,0.01192
"blur takeAsk (single-token, single-maker only)",2026-10-04,22,0.187075476,1.42979943e+13,1.02085701e+13,4.07157177e+13,0.0084745,0.0073,0.009288888
"blur takeAsk (single-token, single-maker only)",2026-10-05,12,0.1339,1.64139094e+13,1.33287634e+13,4.60595068e+13,0.01075,0.00937,0.01339
"blur takeAsk (single-token, single-maker only)",2026-10-06,7,0.085049,2.53587755e+13,2.17229363e+13,3.6320051e+13,0.0124,0.0117796,0.0124
fwa hub bid accepted,2026-09-28,3,0.08,2.22923888e+14,9.10161371e+13,2.70263764e+14,0.0275,0.0255,0.0275
fwa hub bid accepted,2026-09-29,104,2.83681984,6.97877806e+13,4.14349235e+13,1.91501419e+14,0.0275,0.025,0.030388
fwa hub bid accepted,2026-09-30,161,4.76789579,8.99969898e+13,4.60576024e+13,2.22309102e+14,0.028355,0.027,0.0319
fwa hub bid accepted,2026-10-01,1795,52.5178021,7.8877794e+13,4.3790818e+13,2.18071523e+14,0.0289,0.0257715,0.0319
fwa hub bid accepted,2026-10-02,1184,34.0946455,7.7577821e+13,4.34967421e+13,1.97381429e+14,0.029,0.025,0.0319
fwa hub bid accepted,2026-10-03,957,27.8225585,7.62902012e+13,4.37188371e+13,2.17944557e+14,0.0319,0.025,0.0319
fwa hub bid accepted,2026-10-04,891,26.47944,7.69764983e+13,4.41696113e+13,2.02518254e+14,0.0319,0.025,0.0319
fwa hub bid accepted,2026-10-05,22,0.654095,9.12463287e+13,4.20152562e+13,1.69182821e+14,0.0319,0.025,0.0319
