id,compose_block,compose_timestamp,compose_time_utc,compose_tx,composer,rating_1e4,rating_points,credits_count,overprints,compose_event_extra_word,owner_now,n_transfers_after_mint,n_priced_sales,sales_json,first_sale_eth,last_sale_eth,cost_basis_known_eth,cost_basis_credits_priced,cost_basis_credits_from_mint,cost_basis_credits_unknown,cost_basis_priced_prorata_flagged,est_parts_cost_flat_eth_at_compose,est_parts_cost_perpoint_eth_at_compose,first_sale_ratio_vs_parts_flat,first_sale_ratio_vs_parts_perpoint,first_sale_eth_per_rating_point
1,26100993,1790900159,2026-10-02T00:15:59Z,0xf43157ac7438a56d19cf7a4c31e2ec7d03c2265703c3f2937fb95ad2d6b4c52d,0x6caeb9953ba8625226345cf39f93541ce53abfd2,417224564,41722.4564,80,0,1,0xad30536ade0f88d480e2eee01c045d279edcbe64,2,0,[],,,0,0,0,80,0,2.016,2.269678,,,
2,26100996,1790900207,2026-10-02T00:16:47Z,0x8f9a69fee0ab084e4e177fcc6a780fcd6a4fea7d3644853aa21f080dbc6546fb,0x6caeb9953ba8625226345cf39f93541ce53abfd2,588526324,58852.6324,80,0,0,0x9180f6fd77391151826950bc5b487f7fd61b8893,1,0,[],,,0,0,0,80,0,2.016,3.203521,,,
3,26100999,1790900243,2026-10-02T00:17:23Z,0xcbcaffda6934b5fe671eaac7584cc9cf8888094cd8719a1eddd501106d45621f,0x6caeb9953ba8625226345cf39f93541ce53abfd2,377063111,37706.3111,80,0,1,0x6a90a22b8af50c0c59e038f57596c5ecbdb695ee,2,1,"[{""block"": 26128698, ""ts"": 1791233771, ""tx"": ""0xc7eb5815a4fab87350b83ada53d85b3fcaf68817f495dd8903514ee607a72760"", ""price_eth"": 0.739, ""venue"": ""seaport listing fill"", ""buyer"": ""0x6a90a22b8af50c0c59e038f57596c5ecbdb695ee"", ""seller"": ""0xdab629a638974c6e5c34c9a17d4f4e5caca15f63"", ""flag"": """"}]",0.739,0.739,0,0,0,80,0,2.016,2.052575,1.1546875,1.00777901,1.95988411e-05
4,26100999,1790900243,2026-10-02T00:17:23Z,0x9c8bb680ec96f4765b654ab581f74edd26969e7df1c8b1b93ff6359ab27c9dc9,0x6caeb9953ba8625226345cf39f93541ce53abfd2,357304326,35730.4326,80,0,6,0x45db9d3457c2cb05c4bfc7334a33cee6e19d508f,1,0,[],,,0,0,0,80,0,2.016,1.945017,,,
5,26101000,1790900255,2026-10-02T00:17:35Z,0x2f81db6d4ebc289d785bb03d045d5f31d2b59e4a2b577b96c430aec7ad641f62,0x6caeb9953ba8625226345cf39f93541ce53abfd2,429559049,42955.9049,80,0,1,0xa41341bab6588948da8503d1dfb0a0ab0ea269cb,1,0,[],,,0,0,0,80,0,2.016,2.338342,,,
6,26101002,1790900279,2026-10-02T00:17:59Z,0xf8a4d38283f0ef61631a62ff4e71f6843a55cfe2a4a72eada7744b6f103829c9,0x6caeb9953ba8625226345cf39f93541ce53abfd2,457162666,45716.2666,80,0,1,0x7e5124202b1a177cbc254b2c2262541682f20601,1,0,[],,,0,0,0,80,0,2.016,2.488738,,,
7,26101002,1790900279,2026-10-02T00:17:59Z,0xd4d9f3080f0199728ac28047243e98b1777ac094c12c71b7870b49b9bcbc36d8,0x6caeb9953ba8625226345cf39f93541ce53abfd2,335865206,33586.5206,80,0,0,0x62366d373b32f91e5840c2df8f6b222dc84cce5d,1,0,[],,,0,0,0,80,0,2.016,1.82841,,,
8,26101011,1790900387,2026-10-02T00:19:47Z,0x0580cd5f8b8c95feb482496488db8d9b4db893e7679e3ce3e7fe1d6001358958,0x6caeb9953ba8625226345cf39f93541ce53abfd2,531712626,53171.2626,80,0,0,0xc8f8e2f59dd95ff67c3d39109eca2e2a017d4c8a,1,0,[],,,0,0,0,80,0,2.014061,2.894267,,,
9,26101024,1790900543,2026-10-02T00:22:23Z,0xce0fbf46fa0000a92962ea106fa91c93f5a747fb5121a828e905e4406034a020,0x6caeb9953ba8625226345cf39f93541ce53abfd2,594847660,59484.766,80,0,0,0x6072a8b8d5c15c60b174a8851322b916c5284995,1,0,[],,,0,0,0,80,0,2.014061,3.233945,,,
10,26101027,1790900579,2026-10-02T00:22:59Z,0x77707dd89b90b340add1b8ba0df37ded33a5a5fb339bfcddc528511264d72b72,0x6caeb9953ba8625226345cf39f93541ce53abfd2,457185422,45718.5422,80,0,0,0xc78d08df27fa0694135db9ddcaa2ae11242242b0,1,0,[],,,0,0,0,80,0,2.014061,2.485098,,,
11,26101029,1790900603,2026-10-02T00:23:23Z,0xc51fda6e006e46da6f588cdb08965f505286fa213169b690d7619393428e5b69,0xda77fc9dafaa95de16d47859d62b733a58365e45,1004576006,100457.601,160,1,0,0x36a8e3a18858831304ac3aec836cfa9649347730,3,2,"[{""block"": 26107476, ""ts"": 1790978315, ""tx"": ""0xac3fdd256c37091a34641b622a01548a6c26d463b4da23a3ca1044ed225b906d"", ""price_eth"": 0.712, ""venue"": ""seaport offer accept"", ""buyer"": ""0x7544a6128411477c0dcf5a99442d3c0ae1af4514"", ""seller"": ""0xda77fc9dafaa95de16d47859d62b733a58365e45"", ""flag"": """"}, {""block"": 26112993, ""ts"": 1791044723, ""tx"": ""0x017266e52a7836e25dc1cee49acfa0f5c0ecd9d95c380bec79400758e99c77d3"", ""price_eth"": 0.723999, ""venue"": ""seaport listing fill"", ""buyer"": ""0xcc01e85a6f86fec8ae7e7c2a2600d73e7aa44699"", ""seller"": ""0x7544a6128411477c0dcf5a99442d3c0ae1af4514"", ""flag"": """"}]",0.712,0.723999,0.0218221,1,79,0,0,4.028121,5.460519,0.359523329,0.247951063,7.08756725e-06
12,26101030,1790900615,2026-10-02T00:23:35Z,0x3a2714a68c8ccb5b2f89363e0081ee9a213ed302b40b3449b4f868c6b6e38b09,0x51485aff5fec2a000b2185627c3a62e90b6f62da,337053923,33705.3923,80,0,0,0x51485aff5fec2a000b2185627c3a62e90b6f62da,0,0,[],,,1.7026687,55,25,0,0,2.014061,1.832106,,,
13,26101031,1790900627,2026-10-02T00:23:47Z,0xa72de76521cd3bffb7dfca57a759006b5685708e60f31a5996a8e059efb4c626,0x3194dc01d91db4422187f06c6a51b3875e70c443,323127263,32312.7263,80,0,0,0x3a67599d88f73c2291cd6c952d2615bcf3c4ca3c,1,1,"[{""block"": 26101476, ""ts"": 1790905991, ""tx"": ""0xd8e1b3f2bfa4382c5dc9fda7266caa28d30450ee0e7a205cb0cdd7c1d8638b3c"", ""price_eth"": 1.65, ""venue"": ""seaport listing fill"", ""buyer"": ""0x3a67599d88f73c2291cd6c952d2615bcf3c4ca3c"", ""seller"": ""0x3194dc01d91db4422187f06c6a51b3875e70c443"", ""flag"": """"}]",1.65,1.65,1.66385386,80,0,0,0,2.014061,1.755698,0.916670741,1.06189307,5.10634722e-05
14,26101037,1790900699,2026-10-02T00:24:59Z,0x1ff1c80802ff0c336e749892ce2d58ef179b587533ade75144c4a2a0638e8e02,0x6caeb9953ba8625226345cf39f93541ce53abfd2,301449269,30144.9269,80,0,1,0x9830f9035e354d892ed155af2d798402100b4072,1,0,[],,,0,0,0,80,0,2.014061,1.638285,,,
15,26101039,1790900723,2026-10-02T00:25:23Z,0xb6009c360759549953ecbe4e6da6f7692b34b88c9c903c38f3c0a414812be49b,0xd96e4656f8906b215b2ca71a785ace94e1fa278b,276097258,27609.7258,80,0,6,0xd96e4656f8906b215b2ca71a785ace94e1fa278b,0,0,[],,,2.295824,80,0,0,0,2.014061,1.500767,,,
16,26101043,1790900771,2026-10-02T00:26:11Z,0xcd62951ec82195e771b820de9a28480655ec74b2beda764449ac6b65ffb18bb7,0x6caeb9953ba8625226345cf39f93541ce53abfd2,342700720,34270.072,80,0,2,0xc78d08df27fa0694135db9ddcaa2ae11242242b0,1,0,[],,,0,0,0,80,0,2.014061,1.862475,,,
17,26101051,1790900867,2026-10-02T00:27:47Z,0x1902a34eeb0b16f3f3c5b569c06c1a6d77957cc76b51ccf851af70a24339eebd,0x57df8f189c4adfc2a8b90f644217655a01d7029e,284316669,28431.6669,80,0,0,0x39d0874a6f23483e0e09528728c0e2ca0bf648ad,1,1,"[{""block"": 26102751, ""ts"": 1790921327, ""tx"": ""0x5280d573421814daaa2cb9c39d1e9a3d7aa02be0f462523d137bd6158ca592b4"", ""price_eth"": 0.79299, ""venue"": ""seaport listing fill"", ""buyer"": ""0x39d0874a6f23483e0e09528728c0e2ca0bf648ad"", ""seller"": ""0x57df8f189c4adfc2a8b90f644217655a01d7029e"", ""flag"": """"}]",0.79299,0.79299,2.90344,80,0,0,0,2.014061,1.542056,0.50317646,0.658341522,2.78910837e-05
18,26101054,1790900903,2026-10-02T00:28:23Z,0xe976bbaa10b8115c646428b1b008933f9ea17834dd19bb605653ab194492ce57,0x3167b9eb4392e5007ddf5a3df95ed9d7966cdc04,240374463,24037.4463,80,0,6,0x3167b9eb4392e5007ddf5a3df95ed9d7966cdc04,0,0,[],,,2.3708259,80,0,0,0,2.014061,1.30423,,,
19,26101055,1790900915,2026-10-02T00:28:35Z,0x1199c9a43a01c61ee5c934d612d394dce9d9e36179ff6f015df2b72e554a7813,0xcdeb178396d42826e1445c460d2b59d842471725,474667822,47466.7822,80,0,0,,2,1,"[{""block"": 26122755, ""ts"": 1791162203, ""tx"": ""0xc2f0d206e83e20e1c6892b081f65780de289bab443974b39849cb5130beb0fc3"", ""price_eth"": 0.6, ""venue"": ""seaport listing fill"", ""buyer"": ""0x1c0aff3a75512455ff1d148e55ded32dedacd04c"", ""seller"": ""0xcdeb178396d42826e1445c460d2b59d842471725"", ""flag"": """"}]",0.6,0.6,2.4478749,80,0,0,0,2.014061,2.575465,0.961538462,0.660960905,1.26404187e-05
20,26101064,1790901023,2026-10-02T00:30:23Z,0xbb19731f0a2a16473ca5327998087b3fd5b95c24ca057e64d1db9401912f8b76,0x6caeb9953ba8625226345cf39f93541ce53abfd2,352377701,35237.7701,80,0,0,0xf2177e53db73cdaa0bd15d891d3d3378a4098376,1,0,[],,,0,0,0,80,0,2.014061,1.910925,,,
21,26101067,1790901059,2026-10-02T00:30:59Z,0xc302126e97816b9010995be75b24e6207f25f068279bd347d2b08a060c0a036b,0x17b25057338f39e5ccd9ba25dc00548772e695ef,488959664,48895.9664,80,0,0,0x881475210e75b814d5b711090a064942b6f30605,2,2,"[{""block"": 26102434, ""ts"": 1790917511, ""tx"": ""0xc5e3efc63eb96cc657a50655800187a072fae332d35ddbf47f71f8a1ed098f46"", ""price_eth"": 0.8019, ""venue"": ""seaport listing fill"", ""buyer"": ""0xdab629a638974c6e5c34c9a17d4f4e5caca15f63"", ""seller"": ""0x17b25057338f39e5ccd9ba25dc00548772e695ef"", ""flag"": """"}, {""block"": 26105656, ""ts"": 1790956355, ""tx"": ""0xb44f207c43f1031dc832d8c478e607e6c8cded12ce90a37ead17e4fff6b71fcb"", ""price_eth"": 1.35, ""venue"": ""seaport listing fill"", ""buyer"": ""0x881475210e75b814d5b711090a064942b6f30605"", ""seller"": ""0xdab629a638974c6e5c34c9a17d4f4e5caca15f63"", ""flag"": """"}]",0.8019,1.35,0,0,0,80,0,2.014061,2.650345,0.49869403,0.377422079,1.64001258e-05
22,26101073,1790901131,2026-10-02T00:32:11Z,0xcb10eec2a920f5fb88dcaf35bb6910ff542ce69e3539171cff8b6cc73deffb8b,0xd5e7c9c5dad87014898e7daa4f42bd102637a565,295348144,29534.8144,80,0,0,0xd5e7c9c5dad87014898e7daa4f42bd102637a565,0,0,[],,,3.02981487,80,0,0,0,2.014061,1.601162,,,
23,26101073,1790901131,2026-10-02T00:32:11Z,0xf0716a93dfe0bbd09188e33d3c85d0deda33ec7c991bbee863050cf4bb7d90cc,0xc3513bfa723334799efeaf9aebd82556f0630a84,340141708,34014.1708,80,0,5,0xc3513bfa723334799efeaf9aebd82556f0630a84,0,0,[],,,0,0,40,40,0,2.014061,1.844,,,
24,26101074,1790901143,2026-10-02T00:32:23Z,0xdf0db860a94865af559594d8bb6b8a02e8cae917249be15ed42e84a21ffa9307,0xd5e7c9c5dad87014898e7daa4f42bd102637a565,277473381,27747.3381,80,0,0,0xd5e7c9c5dad87014898e7daa4f42bd102637a565,0,0,[],,,3.22210838,80,0,0,0,2.013264,1.50494,,,
25,26101079,1790901203,2026-10-02T00:33:23Z,0x88224dd850006943c2c42a7168dd6cef41b9b3ca46588585642b880e56764045,0x17b25057338f39e5ccd9ba25dc00548772e695ef,497085481,49708.5481,80,0,0,0x1d4c8282a408d8fe92496cccd1eaa4ff0fdd3b97,2,2,"[{""block"": 26102431, ""ts"": 1790917475, ""tx"": ""0x7598d2d2e87af70a924c272b36d79d7d0a04ba3db1f649e277492f0e9000c53d"", ""price_eth"": 1.0098, ""venue"": ""seaport listing fill"", ""buyer"": ""0x4e5f152a08734747123fc58e57d180754eee282b"", ""seller"": ""0x17b25057338f39e5ccd9ba25dc00548772e695ef"", ""flag"": """"}, {""block"": 26105504, ""ts"": 1790954531, ""tx"": ""0xbe7bce9832c26df91c93bbfbf26991f85e018feaff9638649f9858a3b9cc196a"", ""price_eth"": 1.0444, ""venue"": ""seaport listing fill"", ""buyer"": ""0x1d4c8282a408d8fe92496cccd1eaa4ff0fdd3b97"", ""seller"": ""0x4e5f152a08734747123fc58e57d180754eee282b"", ""flag"": """"}]",1.0098,1.0444,0,0,0,80,0,2.01168,2.690633,0.627985075,0.467197092,2.03144135e-05
26,26101086,1790901287,2026-10-02T00:34:47Z,0xb2b790f243383e56b9dab79e3a0cdc01a4b5b02823c0967f67f01090593df751,0x4fe6c9d986d30791d87692490a4c0c280ad90abe,294210074,29421.0074,80,0,0,0x4fe6c9d986d30791d87692490a4c0c280ad90abe,0,0,[],,,1.53884499,49,5,26,0,2.01168,1.590661,,,
27,26101087,1790901299,2026-10-02T00:34:59Z,0x80f9bacf13e57fd26aa542b6317d7e248f5a4442a057caced6e4e03aa34feabb,0x5ae5e5278ce81a34b1fdfb737f7a6adaf8d110c4,298551779,29855.1779,80,0,0,0x5ae5e5278ce81a34b1fdfb737f7a6adaf8d110c4,0,0,[],,,3.31064,80,0,0,0,2.01168,1.614135,,,
28,26101094,1790901383,2026-10-02T00:36:23Z,0xb049da9de3765bf77e8886cf5f5b8cda1e6c5bb179833e9d7d1cef0c5bce0d07,0x4edefa5340b612a83e7c9b691f5be0efaa1c832e,257589231,25758.9231,80,0,5,0x4edefa5340b612a83e7c9b691f5be0efaa1c832e,0,0,[],,,2.089044,74,0,6,0,2.01168,1.391708,,,
29,26101098,1790901431,2026-10-02T00:37:11Z,0x8232bb404189e620f67151dd6ec2382e9c0462e9e43e09ae29f18e4dc9480bee,0x288c3eadfdbef55ac51fed48272c757a899d5045,550649608,55064.9608,160,1,1,0x288c3eadfdbef55ac51fed48272c757a899d5045,0,0,[],,,2.1378858,80,0,0,0,4.02336,2.972516,,,
30,26101102,1790901479,2026-10-02T00:37:59Z,0x0074dcd01c79caab60ed5268dd7d22e25560972ba6a5677d8d4db7e2f4228df4,0x4959ad9145030d5a2f3cce66ca4da8b3d35dbe1d,252556645,25255.6645,80,0,0,0x4959ad9145030d5a2f3cce66ca4da8b3d35dbe1d,0,0,[],,,2.22804537,80,0,0,0,2.011292,1.362212,,,
31,26101104,1790901503,2026-10-02T00:38:23Z,0xa298596808f9feb04964c0abfcdc4503050b14dc115afffb6dd52570c19bbec4,0x4959ad9145030d5a2f3cce66ca4da8b3d35dbe1d,270987184,27098.7184,80,0,0,0x4959ad9145030d5a2f3cce66ca4da8b3d35dbe1d,0,0,[],,,2.1936238,80,0,0,2,2.011448,1.462671,,,
32,26101106,1790901527,2026-10-02T00:38:47Z,0x292320aac0e2a7242845dcdd5ed1ffbd0057526adc32c61d6730a64cd28828f8,0x4959ad9145030d5a2f3cce66ca4da8b3d35dbe1d,242599219,24259.9219,80,0,0,0x4959ad9145030d5a2f3cce66ca4da8b3d35dbe1d,0,0,[],,,2.179805,80,0,0,0,2.010823,1.308373,,,
33,26101111,1790901587,2026-10-02T00:39:47Z,0x22b25c802518a31f2767391eebc54722e1e3f28845f8a94eb452c6a16498e6b5,0x4959ad9145030d5a2f3cce66ca4da8b3d35dbe1d,282407554,28240.7554,80,0,0,0x4959ad9145030d5a2f3cce66ca4da8b3d35dbe1d,0,0,[],,,2.26671,80,0,0,1,2.010768,1.522062,,,
34,26101116,1790901647,2026-10-02T00:40:47Z,0x9641b0c0eb387fe3cc4fbe3c0dd21adcbd8d954db612c85eeba100f05ccd9149,0xd5e7c9c5dad87014898e7daa4f42bd102637a565,254137419,25413.7419,80,0,0,0xd5e7c9c5dad87014898e7daa4f42bd102637a565,0,0,[],,,2.94472989,80,0,0,0,2.008,1.36535,,,
35,26101117,1790901659,2026-10-02T00:40:59Z,0xb47ed2636c42b2475035dd77b083e0e32fc76b0526337185221d9bb6f5797ffc,0xd5e7c9c5dad87014898e7daa4f42bd102637a565,288004233,28800.4233,80,0,0,0xd5e7c9c5dad87014898e7daa4f42bd102637a565,0,0,[],,,2.9679198,80,0,0,0,2.008,1.546735,,,
36,26101119,1790901683,2026-10-02T00:41:23Z,0xd8a361a44b5ebf7dcb0da71a45a8a6cb979a3ce60c7bc9223f6d167bcd2f08ab,0xb536b0395d6307dab375d174eb3ce2db42d66faf,334980346,33498.0346,80,0,5,0xb536b0395d6307dab375d174eb3ce2db42d66faf,0,0,[],,,1.58834799,54,0,26,0,2.008,1.797925,,,
37,26101119,1790901683,2026-10-02T00:41:23Z,0xaecbb2b4ed9e2a05de121e250b6d2719fb6082f9cdbc18ddd73d903dc7917b48,0xd5e7c9c5dad87014898e7daa4f42bd102637a565,281302520,28130.252,80,0,0,0xd5e7c9c5dad87014898e7daa4f42bd102637a565,0,0,[],,,3.129814,80,0,0,0,2.008,1.509823,,,
38,26101123,1790901731,2026-10-02T00:42:11Z,0x2ae9770fdcd557e10d01907bee3a8bd55dcad7197cd22e577c02361867f20efb,0xd5e7c9c5dad87014898e7daa4f42bd102637a565,277459673,27745.9673,80,0,0,0xd5e7c9c5dad87014898e7daa4f42bd102637a565,0,0,[],,,3.01032799,80,0,0,0,2.008,1.489197,,,
39,26101123,1790901731,2026-10-02T00:42:11Z,0x5d4fcea60bef453e43cf9ccb1c86d560a3221cd60cb791a82005e91775db0326,0x4f850f628128cfb8147a37e0ea1dedc6c89b6818,271513706,27151.3706,80,0,0,0x243df5a76eaef829f9b014c9ffee6e0d9d4b49f3,1,1,"[{""block"": 26109101, ""ts"": 1790997887, ""tx"": ""0x43a21796d0fc251f7347ecfb3b4ec973a7f04dae806c8412f50727c749eefca0"", ""price_eth"": 0.76, ""venue"": ""seaport listing fill"", ""buyer"": ""0x243df5a76eaef829f9b014c9ffee6e0d9d4b49f3"", ""seller"": ""0x4f850f628128cfb8147a37e0ea1dedc6c89b6818"", ""flag"": """"}]",0.76,0.76,1.69419588,80,0,0,0,2.008,1.457284,0.855855856,1.12495975,2.79912205e-05
40,26101123,1790901731,2026-10-02T00:42:11Z,0x479d0b68c222afd0aa9165a54026f482210983e97aaf075608a8cfc9e79e9319,0xa2fa4e9f762dfdd5d5bdd2689ebd42b95927eb83,266655564,26665.5564,80,0,1,0xa2fa4e9f762dfdd5d5bdd2689ebd42b95927eb83,0,0,[],,,2.6929881,78,0,2,0,2.008,1.431209,,,
41,26101125,1790901755,2026-10-02T00:42:35Z,0x7a997381ac1451b4026f95409a1cd87b3b698af16ab2c604bb0e2d0f5eeaa2c5,0xd5e7c9c5dad87014898e7daa4f42bd102637a565,302421525,30242.1525,80,0,0,0xd5e7c9c5dad87014898e7daa4f42bd102637a565,0,0,[],,,2.5021444,80,0,0,0,2.008,1.623174,,,
42,26101126,1790901767,2026-10-02T00:42:47Z,0x71b4f3faea4366cc1e0981c76f2b2e3f7d205e9fea2069cb894894b0ee38e036,0xd5e7c9c5dad87014898e7daa4f42bd102637a565,296120544,29612.0544,80,0,0,0xd5e7c9c5dad87014898e7daa4f42bd102637a565,0,0,[],,,2.41308997,80,0,0,1,2.008,1.588671,,,
43,26101128,1790901791,2026-10-02T00:43:11Z,0x73c717b9bfe359756b30cebe5261c69d5a360a944f65d4ef586026567030e389,0xd5e7c9c5dad87014898e7daa4f42bd102637a565,315427488,31542.7488,80,0,0,0xd5e7c9c5dad87014898e7daa4f42bd102637a565,0,0,[],,,2.43839899,80,0,0,0,2.008,1.691823,,,
44,26101131,1790901827,2026-10-02T00:43:47Z,0x764e915110a9cfaffb4bde103372e9348fd9c81bf839930cd73f3d48730a7022,0xd5e7c9c5dad87014898e7daa4f42bd102637a565,283783819,28378.3819,80,0,0,0xd5e7c9c5dad87014898e7daa4f42bd102637a565,0,0,[],,,2.421078,80,0,0,0,2.008,1.518253,,,
45,26101132,1790901839,2026-10-02T00:43:59Z,0x1e3a261bc4187dfa1ff6bad95e4dbdb84c14aafea21a0ea06c7515357f6b257c,0xf689ef4ee2ed73704d1b1c9f7a549cda06a004cb,391246225,39124.6225,80,0,0,0xf689ef4ee2ed73704d1b1c9f7a549cda06a004cb,0,0,[],,,2.35525164,79,1,0,0,2.008,2.094858,,,
46,26101132,1790901839,2026-10-02T00:43:59Z,0x6015ff7421da7c35c60e148cd4bdc38e21e8f3dcfa34d7b55946aee85fc266ce,0xd5e7c9c5dad87014898e7daa4f42bd102637a565,290794153,29079.4153,80,0,0,0xd5e7c9c5dad87014898e7daa4f42bd102637a565,0,0,[],,,2.373002,80,0,0,0,2.008,1.557005,,,
47,26101133,1790901851,2026-10-02T00:44:11Z,0x737eb773f1c432e67e003d2787aa6a198945ef6d3cef7cc68e8b0392f0437234,0xd5e7c9c5dad87014898e7daa4f42bd102637a565,253505019,25350.5019,80,0,0,0xd5e7c9c5dad87014898e7daa4f42bd102637a565,0,0,[],,,2.28703608,80,0,0,0,2.007901,1.356676,,,
48,26101141,1790901947,2026-10-02T00:45:47Z,0x2296645940d78dd85e1a6a56306e8dff40b2b7cddb1e25e2966916ff53f360a8,0x6caeb9953ba8625226345cf39f93541ce53abfd2,1403206376,140320.638,320,3,1,,3,1,"[{""block"": 26115504, ""ts"": 1791074927, ""tx"": ""0xb25bbbbeb3debe7db4bad548eed36c10d6c0c79476b70088a5a743e54f5d5ade"", ""price_eth"": 0.599, ""venue"": ""seaport listing fill"", ""buyer"": ""0x849a27048de274c084f42551f395823f8fa18f2e"", ""seller"": ""0x80af113fe9262704b1eef70b373b0497a1290873"", ""flag"": """"}]",0.599,0.599,0,0,0,80,0,8,7.479778,0.205700549,0.20105689,4.26879474e-06
49,26101158,1790902151,2026-10-02T00:49:11Z,0xf34c53d8cc79934beef093463aafc6e53c20257529deedb13b0c4f69dbf8c662,0x6caeb9953ba8625226345cf39f93541ce53abfd2,280029910,28002.991,80,0,5,0xbb61c94456d2102d4e9f3cc27d91fe253bfef58e,1,0,[],,,0,0,0,80,0,2,1.48898,,,
50,26101159,1790902163,2026-10-02T00:49:23Z,0xc2b9e801ccd82ca4ab5d9b6a0030a1cc82ce52e554486cedc35f4ebb58d6820c,0xd5e7c9c5dad87014898e7daa4f42bd102637a565,275927993,27592.7993,80,0,0,0xd5e7c9c5dad87014898e7daa4f42bd102637a565,0,0,[],,,2.32703398,77,3,0,0,2,1.467081,,,
51,26101161,1790902187,2026-10-02T00:49:47Z,0x3d458afc18198227c013efad4c7fe1ec4f145e1e09edd4ef7c7485d423c99de9,0xd5e7c9c5dad87014898e7daa4f42bd102637a565,257769160,25776.916,80,0,0,0xd5e7c9c5dad87014898e7daa4f42bd102637a565,0,0,[],,,2.3643439,80,0,0,0,2,1.367596,,,
52,26101162,1790902199,2026-10-02T00:49:59Z,0x46eed42f782ede11200c37165e0688879b706173fa1958e2f706dc68a7d8f7ba,0x6caeb9953ba8625226345cf39f93541ce53abfd2,385266108,38526.6108,80,0,0,0x2399e0856adedf99e5e0b9d8103462d674607c2c,1,0,[],,,0,0,0,80,0,2,2.04306,,,
53,26101163,1790902211,2026-10-02T00:50:11Z,0x6f3a672db420d58492c7a7b810e448644de52a239f0bcbaef8b8721eff317de4,0xd5e7c9c5dad87014898e7daa4f42bd102637a565,283878377,28387.8377,80,0,0,0xd5e7c9c5dad87014898e7daa4f42bd102637a565,0,0,[],,,1.28417088,43,37,0,1,2,1.504506,,,
54,26101166,1790902247,2026-10-02T00:50:47Z,0xef1aa729912b8523e972dced5911feb9f6f108dbb9f1d3934ddab0356da4e9f8,0xf00edfc65aa5c64e2d7a369485b9d4e98a41d227,500420128,50042.0128,80,0,5,0xf00edfc65aa5c64e2d7a369485b9d4e98a41d227,0,0,[],,,4.76205684,75,0,5,0,2,2.651822,,,
55,26101173,1790902331,2026-10-02T00:52:11Z,0xb8155c66666a8c7c39dca1f599459c239eb17fbe1580abf9a100594593d9730e,0xc78d08df27fa0694135db9ddcaa2ae11242242b0,405825053,40582.5053,80,0,0,0xc78d08df27fa0694135db9ddcaa2ae11242242b0,0,0,[],,,1.929127,78,0,2,0,2,2.133867,,,
56,26101175,1790902355,2026-10-02T00:52:35Z,0xb2d41e61e3c31a046e5ed72e70028dec560bd3c6fc590757b5947c1b3ebd1de4,0xa6178637bacf6db4fb39540be17dd67ef919b3cb,1064469803,106446.98,240,2,3,,2,1,"[{""block"": 26115533, ""ts"": 1791075275, ""tx"": ""0x74254f1fb5fd8f88cfdff54d16039eecfe3353eb0641158457bf4c27163f5805"", ""price_eth"": 0.6, ""venue"": ""seaport listing fill"", ""buyer"": ""0x849a27048de274c084f42551f395823f8fa18f2e"", ""seller"": ""0xa6178637bacf6db4fb39540be17dd67ef919b3cb"", ""flag"": """"}]",0.6,0.6,1.9915,80,0,0,0,6,5.585283,0.274725275,0.264916228,5.63660893e-06
57,26101180,1790902415,2026-10-02T00:53:35Z,0x53f9322eb3971e6be14e7eaa3aa8eec084befd65c7a848123166d624fe650fb3,0xa2fa4e9f762dfdd5d5bdd2689ebd42b95927eb83,289686183,28968.6183,80,0,1,0xa2fa4e9f762dfdd5d5bdd2689ebd42b95927eb83,0,0,[],,,2.62709999,77,0,3,0,1.992,1.50338,,,
58,26101181,1790902427,2026-10-02T00:53:47Z,0xbcab43358d354e03e8f85ca89dab48e84d3eda6d42e91c5209a1a8b29fd040bc,0xd5e7c9c5dad87014898e7daa4f42bd102637a565,251106110,25110.611,80,0,0,0xd5e7c9c5dad87014898e7daa4f42bd102637a565,0,0,[],,,2.08556789,70,10,0,1,1.992,1.303086,,,
59,26101182,1790902439,2026-10-02T00:53:59Z,0xbea72a7305a3e19af0c132ecf460521579172b43adeb1453715ce03b309affd3,0xa2fa4e9f762dfdd5d5bdd2689ebd42b95927eb83,317090680,31709.068,80,0,1,0xa2fa4e9f762dfdd5d5bdd2689ebd42b95927eb83,0,0,[],,,2.63712,79,0,1,0,1.992,1.645505,,,
60,26101183,1790902463,2026-10-02T00:54:23Z,0xa8a19e0ebbe968c0f70b12f01e6e11ac0f20951ece54155a287063d519f72378,0xa2fa4e9f762dfdd5d5bdd2689ebd42b95927eb83,300420424,30042.0424,80,0,1,0xa2fa4e9f762dfdd5d5bdd2689ebd42b95927eb83,0,0,[],,,2.448339,76,0,4,0,1.992,1.559056,,,
61,26101195,1790902607,2026-10-02T00:56:47Z,0x1246d52fef42b053e598f51df2239d6189a1dc460aae656164d359da15716f71,0xc88a598869410aa843405eee3cb4cfac9396d387,283361195,28336.1195,80,0,0,0xc88a598869410aa843405eee3cb4cfac9396d387,0,0,[],,,0.77002,35,45,0,0,1.99192,1.453832,,,
62,26101199,1790902655,2026-10-02T00:57:35Z,0x1a6e1795cabe82bbb230f6d9c0d925c139c40a397d098b39d1f54edb2165bc9a,0xc78d08df27fa0694135db9ddcaa2ae11242242b0,540556022,54055.6022,80,0,0,0xc78d08df27fa0694135db9ddcaa2ae11242242b0,0,0,[],,,1.9925306,78,0,2,0,1.99192,2.771143,,,
63,26101209,1790902775,2026-10-02T00:59:35Z,0xdaab3af00215998596fe28881dd0934a91a0d66fbe5ccfc99b0cc8ff93c238e3,0x186653cd6335e885246cce7a82c9b0587fbadeed,442172968,44217.2968,80,0,1,0x186653cd6335e885246cce7a82c9b0587fbadeed,0,0,[],,,1.99972047,80,0,0,0,1.991656,2.261581,,,
64,26101239,1790903147,2026-10-02T01:05:47Z,0xc141e82267b46d6880e8dc7f67c3e683d209d57113e88319de46282100037d1a,0xb536b0395d6307dab375d174eb3ce2db42d66faf,256448524,25644.8524,80,0,1,0xb536b0395d6307dab375d174eb3ce2db42d66faf,0,0,[],,,2.04412259,69,0,11,0,1.96,1.303522,,,
65,26101266,1790903471,2026-10-02T01:11:11Z,0xa0b4f3eed8220dae37cdf5f21043138d9788a2416c500acbb777f332ab078a12,0xc6c4ac8d59f8aebafbe6dd1075ddfbb3d0217b48,291506727,29150.6727,80,0,1,0xc6c4ac8d59f8aebafbe6dd1075ddfbb3d0217b48,0,0,[],,,1.405329,43,37,0,0,1.952,1.476149,,,
66,26101276,1790903591,2026-10-02T01:13:11Z,0x26bb5c9e16595ef799f66598b50feb911d965e74d5239d4c65fc54476da922d4,0x6caeb9953ba8625226345cf39f93541ce53abfd2,356522137,35652.2137,80,0,0,0xb960c3236df2e9b4c59e0c7d050dfcd963233b6b,2,1,"[{""block"": 26130079, ""ts"": 1791250439, ""tx"": ""0xc325b0b9a71ddeceeb880cd22f268e05be1bbf5f353df82f1a427996bff20837"", ""price_eth"": 0.855, ""venue"": ""seaport listing fill"", ""buyer"": ""0xb960c3236df2e9b4c59e0c7d050dfcd963233b6b"", ""seller"": ""0xf2177e53db73cdaa0bd15d891d3d3378a4098376"", ""flag"": """"}]",0.855,0.855,0,0,0,80,0,1.952,1.805051,1.21462666,1.1048501,2.39816806e-05
67,26101286,1790903711,2026-10-02T01:15:11Z,0x35a420c4a94f55d35defea931e3cc8032d7d311e6e9459ce5a4778bbcd83e88c,0x5d802e2fe48392c104ce0401c7eca8a4456f1f16,284608310,28460.831,80,0,0,0x5d802e2fe48392c104ce0401c7eca8a4456f1f16,0,0,[],,,2.230597,75,0,5,5,1.946736,1.436498,,,
68,26101302,1790903903,2026-10-02T01:18:23Z,0x687724453913dc970a36e6d2313dac49c6f0571ad04c3b076deac362240e8449,0x65500f4d6ab354b5234307f46be54b34408bfa00,504819361,50481.9361,80,0,0,0x65500f4d6ab354b5234307f46be54b34408bfa00,0,0,[],,,2.95706379,80,0,0,0,1.936,2.537031,,,
69,26101312,1790904023,2026-10-02T01:20:23Z,0xdba6e97a96e584eec426e2490e8d6b87fa2fe6a6a3ec2781b3f3aed46a72d10c,0xb4bbe80c02449e66f4c39cfe4b04bbe138191550,298605537,29860.5537,80,0,0,0xb4bbe80c02449e66f4c39cfe4b04bbe138191550,0,0,[],,,2.34909988,80,0,0,0,1.91624,1.49751,,,
70,26101330,1790904239,2026-10-02T01:23:59Z,0x390f9f35569de66ebd7dda3f2c3e299d792b39eda9ed72847f788376866b0e2e,0x6caeb9953ba8625226345cf39f93541ce53abfd2,489075002,48907.5002,80,0,0,0xc78d08df27fa0694135db9ddcaa2ae11242242b0,1,0,[],,,0,0,0,80,0,1.896,2.447636,,,
71,26101403,1790905115,2026-10-02T01:38:35Z,0xd499b5370a77cbbd030e5bb95095b32bcacf28713fbc8edf6ff7c3d5a5231a24,0x5e3518130825153dabf4bd3f029f408221f2142b,330148164,33014.8164,80,0,0,0x47243d290666e8d7b72509ca57ca592f0b33b4fc,3,2,"[{""block"": 26107018, ""ts"": 1790972795, ""tx"": ""0x3d5df393dbde8a79580d00f34f9610f42d47592eab07d431620092bc05df3034"", ""price_eth"": 0.827, ""venue"": ""seaport offer accept"", ""buyer"": ""0xdab629a638974c6e5c34c9a17d4f4e5caca15f63"", ""seller"": ""0x5e3518130825153dabf4bd3f029f408221f2142b"", ""flag"": """"}, {""block"": 26107586, ""ts"": 1790979635, ""tx"": ""0xba04a55a6ef289ee40d1cee5940bd19f6de22a801bb779b320432e97e7d2af0e"", ""price_eth"": 0.93, ""venue"": ""seaport listing fill"", ""buyer"": ""0x243df5a76eaef829f9b014c9ffee6e0d9d4b49f3"", ""seller"": ""0xdab629a638974c6e5c34c9a17d4f4e5caca15f63"", ""flag"": """"}]",0.827,0.93,3.986279,79,1,0,0,1.832,1.599816,0.813976378,0.838874476,2.50493594e-05
72,26101442,1790905583,2026-10-02T01:46:23Z,0xab9ff6a3b0bbd043d900ce4dc13637c2849330e0d25a49d71f2fa9ea2e113495,0x288c3eadfdbef55ac51fed48272c757a899d5045,466226234,46622.6234,80,0,1,0x288c3eadfdbef55ac51fed48272c757a899d5045,0,0,[],,,2.06138169,74,1,5,0,1.8,2.244899,,,
73,26101457,1790905763,2026-10-02T01:49:23Z,0x9a8bcf84619b532daf6d2f4a303ee7983b7609760ffb53cd12a3cc1a98778886,0x288c3eadfdbef55ac51fed48272c757a899d5045,254801843,25480.1843,80,0,1,,1,0,[],,,1.651486,70,0,10,0,1.8,1.224926,,,
74,26101474,1790905967,2026-10-02T01:52:47Z,0x9ee9a9cbbb62707ef57dbf394846647054eb140546a84d7afab05eae42ebd0c0,0x288c3eadfdbef55ac51fed48272c757a899d5045,271130680,27113.068,80,0,1,0x288c3eadfdbef55ac51fed48272c757a899d5045,0,0,[],,,2.170421,80,0,0,0,1.799996,1.303424,,,
75,26101518,1790906495,2026-10-02T02:01:35Z,0xabb12af56a43112acfd70c7d1d534129e87aaf157d67c013b8346c0ea72a071e,0x72e5e8f4d849d414c841d3c2835316f79c27c2b6,310057321,31005.7321,80,0,1,0x72e5e8f4d849d414c841d3c2835316f79c27c2b6,0,0,[],,,0,0,80,0,0,1.79032,1.489259,,,
76,26101620,1790907719,2026-10-02T02:21:59Z,0x53e70fba3f9fae726962290fca786055be3d6d9da523038f62b80533a71c9de0,0x6caeb9953ba8625226345cf39f93541ce53abfd2,307250137,30725.0137,80,0,0,0x0239769a1adf4def9f07da824b80b9c4fcb59593,2,1,"[{""block"": 26116451, ""ts"": 1791086327, ""tx"": ""0x701537561d4b98fe3700880b490e50566cb65fadfe97cce3739970fd3f25be57"", ""price_eth"": 0.8, ""venue"": ""seaport listing fill"", ""buyer"": ""0x0239769a1adf4def9f07da824b80b9c4fcb59593"", ""seller"": ""0xec49acef2f63a7c257d752cb0bb9df38f2d3977a"", ""flag"": """"}]",0.8,0.8,0,0,0,80,0,1.768,1.457354,1.11111111,1.2276383,2.60374172e-05
77,26101641,1790907971,2026-10-02T02:26:11Z,0x21c58a1f47be89c71174c2f2d5f0aa91c4be060d61406910fdb63e9ec24b8b58,0x1c0aff3a75512455ff1d148e55ded32dedacd04c,1514314773,151431.477,240,2,4,0x1c0aff3a75512455ff1d148e55ded32dedacd04c,0,0,[],,,2.27174088,78,2,0,2,5.28,7.166641,,,
78,26101685,1790908499,2026-10-02T02:34:59Z,0xca05bef97d206da1f864974fd07fdace6e5ed0c60bf384f26d00f2cf8e230aa8,0xf05692062c74022157c209ad4c5d0e2c9940b435,286342761,28634.2761,80,0,2,0xf05692062c74022157c209ad4c5d0e2c9940b435,0,0,[],,,1.7424127,76,0,4,0,1.76,1.342046,,,
79,26101746,1790909243,2026-10-02T02:47:23Z,0x8e0f33c4186137960def4c7d2b05e7ff904a77cf8eff42116827d267894d7c44,0x22c05672d1ff721d8d67c4694bca70de839e3a58,600000998,60000.0998,80,0,7,0x22c05672d1ff721d8d67c4694bca70de839e3a58,0,0,[],,,1.89201636,67,13,0,0,1.744,2.799691,,,
80,26101770,1790909531,2026-10-02T02:52:11Z,0xa802918f03fa7a6b8236732ae0dca263fbcbd3a1692d173b9f5d4225d7fd2d1f,0x288c3eadfdbef55ac51fed48272c757a899d5045,265130424,26513.0424,80,0,1,0x288c3eadfdbef55ac51fed48272c757a899d5045,0,0,[],,,2.0156375,80,0,0,0,1.74384,1.234731,,,
81,26101851,1790910503,2026-10-02T03:08:23Z,0xa72f1dd77d06e53f9e6109504cf0018d6092210e74ef16d978581bfff620acd5,0xbe7da42f1470454f51252b7a6667c64ddd8a3997,391364914,39136.4914,80,0,1,0xbe7da42f1470454f51252b7a6667c64ddd8a3997,0,0,[],,,3.24751658,80,0,0,0,1.73436,1.810716,,,
82,26101877,1790910815,2026-10-02T03:13:35Z,0x8a4cc8fe8248a9f689fd1d52a00b47770d537a3d06018f06bb249b716df37fa5,0xbc6e70cb9b89851e6cff7ce198a774549f4c0f0c,321057504,32105.7504,80,0,0,0xbc6e70cb9b89851e6cff7ce198a774549f4c0f0c,0,0,[],,,1.08652689,40,33,7,7,1.728,1.483334,,,
83,26101953,1790911727,2026-10-02T03:28:47Z,0xd940238364694f86d8580ed5b65d18c3a8f6201faa9739fb4ef12ec1595e4dd1,0x45faf1d2d084ac073550e5f7fea736dd9da4b57d,267897072,26789.7072,80,0,1,0x45faf1d2d084ac073550e5f7fea736dd9da4b57d,0,0,[],,,1.10810984,46,0,34,0,1.704,1.227127,,,
84,26101958,1790911787,2026-10-02T03:29:47Z,0xefa9e8d83f0a2125f81490ae59d153c5c6757f3c18789a32582f16a9ded6696e,0x28373bd6a7f8e9ecb62714b99edd7d68f3e6ca92,332469660,33246.966,80,0,0,0x28373bd6a7f8e9ecb62714b99edd7d68f3e6ca92,0,0,[],,,0,0,19,61,0,1.696,1.521488,,,
85,26102028,1790912627,2026-10-02T03:43:47Z,0x45bc2bc2297300fcc7a2ec4a875c1f75e0e18b8b0fc03d9de87b024ad1342888,0x4770ab5157da63b9dfeb9bc7e303b82817617306,738008130,73800.813,160,1,5,0x4770ab5157da63b9dfeb9bc7e303b82817617306,0,0,[],,,2.78639557,60,20,0,0,3.392,3.362507,,,
86,26102037,1790912735,2026-10-02T03:45:35Z,0xd87be05eee81c9a79c12bcb9b2b86c01a59f69cd3bc3ab2cb38c70d47c32020f,0x4770ab5157da63b9dfeb9bc7e303b82817617306,225095245,22509.5245,80,0,7,,1,0,[],,,1.52507608,50,30,0,0,1.688,1.021967,,,
87,26102156,1790914163,2026-10-02T04:09:23Z,0x4c775819a5384c7d428e62e60c51d929b19bcff720f3c336ace9584ae1f1bc7f,0x3968bec84d03f2b5292f716dd18b324281b15051,301551086,30155.1086,80,0,1,0x3968bec84d03f2b5292f716dd18b324281b15051,0,0,[],,,2.42480707,80,0,0,0,1.656,1.350717,,,
88,26102161,1790914223,2026-10-02T04:10:23Z,0xcd590b6c65fd25eda33fe1419a547f20f47cb5cbcb282e84ac19d35126a290fb,0x84df49b1d4fdcee1e3b410669b7e5087412b411b,401667101,40166.7101,80,0,5,0x84df49b1d4fdcee1e3b410669b7e5087412b411b,0,0,[],,,1.86674808,75,5,0,0,1.656,1.798508,,,
89,26102171,1790914343,2026-10-02T04:12:23Z,0x08e0b61e619162f255cd9727411fd8d148fc99b9d995569721ea08c9a5384ede,0xdbd47f66aa2f00b3db03397f260ce9728298c495,302928514,30292.8514,80,0,6,0xdbd47f66aa2f00b3db03397f260ce9728298c495,0,0,[],,,2.12696469,72,5,3,0,1.648,1.356136,,,
90,26102195,1790914631,2026-10-02T04:17:11Z,0x587a7535fc7b16604ae00742a9c5ab1d87a9c9431924dc596962bdc924ca024d,0x482c651a0c8dd3f6f56ceb0224225d4cf022bdab,482827916,48282.7916,80,0,4,0x482c651a0c8dd3f6f56ceb0224225d4cf022bdab,0,0,[],,,1.99117953,80,0,0,0,1.646456,2.152367,,,
91,26102275,1790915603,2026-10-02T04:33:23Z,0x4dbfaa0a8f7236ce10cc13c0651f0c4ba5548c24a60c3950014ccfa35c303f8a,0xa8b0409e3db5f7cf73a325e58dbec571eb6a552b,542748419,54274.8419,80,0,0,0x0b5bfb355f553a267460bb4cb1c768a8d4940687,1,0,[],,,2.25422435,77,3,0,0,1.64,2.407704,,,
92,26102291,1790915795,2026-10-02T04:36:35Z,0xbf6f2b6a77822c680ed932229948060075e15706c85aa6842561620c7d194f24,0xa46ad30767a6185c337155bc555e3e7333b48d13,306553966,30655.3966,80,0,1,0xff46c87fce367fbf6f9f3e47db1c22429fd177a3,2,2,"[{""block"": 26102350, ""ts"": 1790916503, ""tx"": ""0xa5ef3a12110aeed4b1235e6cb756d31488b085fb2f4702d8412b4f91c3c2e01f"", ""price_eth"": 1.089, ""venue"": ""seaport listing fill"", ""buyer"": ""0xb1d2524482c701f48bbe42a9782a531f58967d84"", ""seller"": ""0xa46ad30767a6185c337155bc555e3e7333b48d13"", ""flag"": """"}, {""block"": 26114201, ""ts"": 1791059267, ""tx"": ""0x492f9d1c5dd63a79a8d496689c29a58dd1d910ebb502bd63b5dec3bba0b7956d"", ""price_eth"": 0.57, ""venue"": ""seaport listing fill"", ""buyer"": ""0xff46c87fce367fbf6f9f3e47db1c22429fd177a3"", ""seller"": ""0xb1d2524482c701f48bbe42a9782a531f58967d84"", ""flag"": """"}]",1.089,0.57,2.2384489,80,0,0,0,1.64,1.358688,0.667161677,0.805015632,3.55239247e-05
93,26102296,1790915855,2026-10-02T04:37:35Z,0x0aed0187f380b3086eba9f91ade36e8635835abff334b28c26173e1c1b685144,0xd472d2171cc42846ece5fca08239265ff0b8def2,343387867,34338.7867,80,0,1,0xd472d2171cc42846ece5fca08239265ff0b8def2,0,0,[],,,1.72310729,64,16,0,0,1.639712,1.521069,,,
94,26102304,1790915951,2026-10-02T04:39:11Z,0x1d012d92a6a83769db9fb9e8a6144ce8c84982f4fea444795e067f2ca084f78d,0x1a352eaea62eedeb5830e01dee6e7453714c2ea7,360119694,36011.9694,80,0,1,0x1a352eaea62eedeb5830e01dee6e7453714c2ea7,0,0,[],,,0,0,79,1,0,1.63344,1.593142,,,
95,26102307,1790915987,2026-10-02T04:39:47Z,0x517975ed22360961f813df5d10fd5f3ff41d455116291e94dcfbf0b12aa25453,0xdab629a638974c6e5c34c9a17d4f4e5caca15f63,345870459,34587.0459,80,0,0,0x1d4c8282a408d8fe92496cccd1eaa4ff0fdd3b97,1,1,"[{""block"": 26105504, ""ts"": 1790954531, ""tx"": ""0xbe7bce9832c26df91c93bbfbf26991f85e018feaff9638649f9858a3b9cc196a"", ""price_eth"": 1.044, ""venue"": ""seaport listing fill"", ""buyer"": ""0x1d4c8282a408d8fe92496cccd1eaa4ff0fdd3b97"", ""seller"": ""0xdab629a638974c6e5c34c9a17d4f4e5caca15f63"", ""flag"": """"}]",1.044,1.044,0.998722,80,0,0,0,1.632288,1.529376,0.932142857,0.893572099,3.01847114e-05
96,26102337,1790916347,2026-10-02T04:45:47Z,0xacb531c8f0f27a92bcc1773ba79bd570c8224926ea2ee534812f608ee6f48cf2,0xee49f82e58a1c2b306720d0c68047cbf70c11fb5,239976218,23997.6218,80,0,0,0xee49f82e58a1c2b306720d0c68047cbf70c11fb5,0,0,[],,,2.8689869,79,1,0,0,1.632288,1.059347,,,
97,26102602,1790919539,2026-10-02T05:38:59Z,0xfa70e0a01a6f1abe2c24d0210a1bf3783b8f1cbfa3b4fe398f0d431f1e6d0edb,0x62ee30f8a0357d2196450cc2b0d6441f8a92d981,369037567,36903.7567,80,0,6,,2,1,"[{""block"": 26115646, ""ts"": 1791076643, ""tx"": ""0x3995e05a797de26e2ed6f0664cbc4bf884b126efbbfa1db4ba1cff7fa104705f"", ""price_eth"": 0.6, ""venue"": ""seaport listing fill"", ""buyer"": ""0x849a27048de274c084f42551f395823f8fa18f2e"", ""seller"": ""0x62ee30f8a0357d2196450cc2b0d6441f8a92d981"", ""flag"": """"}]",0.6,0.6,0.429937627,35,1,44,0,1.591992,1.58213,0.824175824,0.749731021,1.62585074e-05
98,26102611,1790919647,2026-10-02T05:40:47Z,0x530fb18b3446ac39d9257a2defbc66c6da031f448d46196bd119ef221d895986,0xeeb9ef5a4779e137d80b115351b49c5929ac064d,293866009,29386.6009,80,0,6,0xeeb9ef5a4779e137d80b115351b49c5929ac064d,0,0,[],,,1.3525293,57,0,23,3,1.591992,1.259781,,,
99,26102700,1790920715,2026-10-02T05:58:35Z,0x8ec47f277772a0c22f29eead104b1085d20f4089eca9a21a19beb0fc4945af1e,0x8d445eee078ff46d7ddc123dac5904fad0acf92e,276746278,27674.6278,80,0,5,0x8d445eee078ff46d7ddc123dac5904fad0acf92e,0,0,[],,,2.16597292,80,0,0,0,1.584,1.180237,,,
100,26102704,1790920763,2026-10-02T05:59:23Z,0xf3ade458dfc7cb55811ab227e508b07f59e5f5474c68c50d339006d173f4707a,0xa46ad30767a6185c337155bc555e3e7333b48d13,364326704,36432.6704,80,0,1,0xa46ad30767a6185c337155bc555e3e7333b48d13,0,0,[],,,0,0,0,80,0,1.584,1.552673,,,
101,26102713,1790920871,2026-10-02T06:01:11Z,0xc89466d8221f32521cfe592d5e3ad01d576d1eda98298fe61647d07c978bfe57,0x3968bec84d03f2b5292f716dd18b324281b15051,329315093,32931.5093,80,0,1,0x3968bec84d03f2b5292f716dd18b324281b15051,0,0,[],,,2.41248679,80,0,0,0,1.584,1.403004,,,
102,26102728,1790921051,2026-10-02T06:04:11Z,0xd2dee92833106674fa02a21c40f58cbb4f9855cf6c5b0faa9f09fad3402a5f47,0x1b78e3cacda7b729300f743bd18950a40c6edfa0,361220599,36122.0599,80,0,5,0x3a67599d88f73c2291cd6c952d2615bcf3c4ca3c,2,2,"[{""block"": 26107676, ""ts"": 1790980715, ""tx"": ""0x5297c9bfb07fbfe39fd59e86c9d9039a185b7a5c9d33a759d34de37058bce858"", ""price_eth"": 0.712, ""venue"": ""seaport offer accept"", ""buyer"": ""0xdab629a638974c6e5c34c9a17d4f4e5caca15f63"", ""seller"": ""0x1b78e3cacda7b729300f743bd18950a40c6edfa0"", ""flag"": """"}, {""block"": 26108098, ""ts"": 1790985803, ""tx"": ""0x73841377af285b6f4c12a25d4360b0c437de338512aa9c37397f10fd137f63a0"", ""price_eth"": 0.838, ""venue"": ""seaport listing fill"", ""buyer"": ""0x3a67599d88f73c2291cd6c952d2615bcf3c4ca3c"", ""seller"": ""0xdab629a638974c6e5c34c9a17d4f4e5caca15f63"", ""flag"": """"}]",0.712,0.838,1.62905893,74,6,0,0,1.576,1.535602,0.7247557,0.704075019,1.97109468e-05
103,26102745,1790921255,2026-10-02T06:07:35Z,0x82574181cbda98dbd77d4747a9dcd7d34a2e4af0d8d16ecb217290520e92cdba,0x0c9fed868d0abcb6221463a06d2dcc797f9a080e,345059751,34505.9751,80,0,4,0x0c9fed868d0abcb6221463a06d2dcc797f9a080e,0,0,[],,,0.013,1,0,79,0,1.576,1.464317,,,
104,26103097,1790925491,2026-10-02T07:18:11Z,0xf106b5818339106e5d4217dc057759f8bafd92425995f5107a3fcb2e1468c27f,0x0086cddfd4982a92958aea12515578b3ab30eb3a,321536378,32153.6378,80,0,3,0x0086cddfd4982a92958aea12515578b3ab30eb3a,0,0,[],,,2.17588478,79,1,0,0,1.48,1.319468,,,
105,26103478,1790930087,2026-10-02T08:34:47Z,0xaed655babb60a286af5cf440353a01034c679d243597ed099546bb99ed6d241f,0x7eba491fbab695415d2fa755749e88589915076e,264462069,26446.2069,80,0,1,0x2f665ec452584c730c97e6e00f52920eaeeb985c,2,2,"[{""block"": 26110279, ""ts"": 1791012059, ""tx"": ""0x96c43917f2254c06d3518e50fdf473bd7e3405ead7e97e27f08ba82525b7b390"", ""price_eth"": 0.5544, ""venue"": ""seaport listing fill"", ""buyer"": ""0x7f4d6c4ba570a6033907b9c0a653032f6c2fdd31"", ""seller"": ""0x7eba491fbab695415d2fa755749e88589915076e"", ""flag"": """"}, {""block"": 26127905, ""ts"": 1791224243, ""tx"": ""0xad0922a2255ab62bfb70a88d496daf2998c387aa4037500e0de0f2ad799b27a0"", ""price_eth"": 0.722, ""venue"": ""seaport listing fill"", ""buyer"": ""0x2f665ec452584c730c97e6e00f52920eaeeb985c"", ""seller"": ""0x7f4d6c4ba570a6033907b9c0a653032f6c2fdd31"", ""flag"": """"}]",0.5544,0.722,2.0104717,80,0,0,5,1.392,1.05896,0.641666667,0.870201473,2.09633087e-05
106,26104604,1790943659,2026-10-02T12:20:59Z,0x3f013e173092783f5beaafc84e61265c9c474e152a3e2d834a8e1ff67f3d257e,0x7d2100584f4339cacad8cc68e78c5e790ab306e1,338746271,33874.6271,80,0,5,0x7d2100584f4339cacad8cc68e78c5e790ab306e1,0,0,[],,,0,0,0,80,0,1.2,1.273123,,,
107,26105613,1790955839,2026-10-02T15:43:59Z,0xd83878bce33a2f940d853d5ef939871b05231526bf29a98c736e8a864e7eafc8,0x24c3268f8e42c961074a88473ff07d87040f3fb1,291918180,29191.818,80,0,0,0x24c3268f8e42c961074a88473ff07d87040f3fb1,0,0,[],,,0.782032024,69,11,0,0,1.108528,0.974601,,,
108,26105659,1790956391,2026-10-02T15:53:11Z,0xa498a783aadf72ea98b84b5ba0624bf42755049e609e787855a9c58571ee2b89,0x4b0a238a01ec57524e3cf423c7c552c1a0b72090,327721835,32772.1835,80,0,5,0x4b0a238a01ec57524e3cf423c7c552c1a0b72090,0,0,[],,,0.911014559,66,14,0,0,1.096,1.087441,,,
109,26105958,1790960015,2026-10-02T16:53:35Z,0x757673f8f61ff0e2192ba4c5e9e15a215f867dac7006931e40453094e15b22fd,0x1c0aff3a75512455ff1d148e55ded32dedacd04c,548240528,54824.0528,80,0,4,,1,0,[],,,1.13132612,80,0,0,0,1.08,1.779891,,,
110,26106318,1790964347,2026-10-02T18:05:47Z,0xda3a8da86035ab93c90806b80c22f5834f17b0c5acaeac807a013f7ec442df3d,0x6caeb9953ba8625226345cf39f93541ce53abfd2,460539403,46053.9403,80,0,1,0xa74e8583a17e339d98983161e529019e226584c2,2,1,"[{""block"": 26129322, ""ts"": 1791241283, ""tx"": ""0x779cb009b686df1a0fa8382441bab0afc104e70087a5231e7d27a2dee8e1af27"", ""price_eth"": 0.8, ""venue"": ""seaport listing fill"", ""buyer"": ""0xa74e8583a17e339d98983161e529019e226584c2"", ""seller"": ""0xc93d22d9f4049447f94a0ae8bd25d2c2abee66ef"", ""flag"": """"}]",0.8,0.8,0,0,0,80,0,1.056,1.45428,1.2195122,0.901640261,1.73709349e-05
111,26106413,1790965487,2026-10-02T18:24:47Z,0x4398b053e08b7685913a9e4865209a134ec4e8895149125a43e74ba0241ddb67,0x8db87d4112edbe092336602a0e54e18f746211e6,266328150,26632.815,80,0,5,0x64ad0d39cac8c49a76296920601172ec2f273e9a,1,1,"[{""block"": 26108515, ""ts"": 1790990843, ""tx"": ""0x12592268892e5360c5e9fdd921f610734166d3fa47cc38754d214c2419db274d"", ""price_eth"": 0.69102, ""venue"": ""seaport listing fill"", ""buyer"": ""0x64ad0d39cac8c49a76296920601172ec2f273e9a"", ""seller"": ""0x8db87d4112edbe092336602a0e54e18f746211e6"", ""flag"": """"}]",0.69102,0.69102,2.32657389,79,1,0,0,1.048,0.834189,0.751108696,1.01188327,2.59461871e-05
112,26106551,1790967155,2026-10-02T18:52:35Z,0xa2ab0f861c5e71428f0ac7fa02e6cde5d28a3b053f201144921d9a74f4f881ed,0x02c97da2ed0c7134ba23f98e845fca9bb89040f2,364273191,36427.3191,80,0,0,0x4822e439e6be2a3e9829a27b63988db46e5f0780,1,1,"[{""block"": 26130208, ""ts"": 1791252011, ""tx"": ""0x0569dfd1f7d7ebf634b752adc32579b994bcb450ee54e94a4f9dff3724ae732c"", ""price_eth"": 0.93, ""venue"": ""seaport listing fill"", ""buyer"": ""0x4822e439e6be2a3e9829a27b63988db46e5f0780"", ""seller"": ""0x02c97da2ed0c7134ba23f98e845fca9bb89040f2"", ""flag"": """"}]",0.93,0.93,0.71402,67,8,5,0,1.04544,1.126656,1.31593842,1.16589125,2.55302894e-05
113,26106673,1790968643,2026-10-02T19:17:23Z,0xd47d8535739488cdc24f964789fa6da522d33b0948070bb0a90b1e57db150399,0xc85e4a180b0c3cb6563b525f34a5304dab70f172,520228825,52022.8825,80,0,2,0xc85e4a180b0c3cb6563b525f34a5304dab70f172,0,0,[],,,2.40371937,79,1,0,0,1.04,1.592978,,,
114,26107242,1790975495,2026-10-02T21:11:35Z,0x118343fbba224861cc50c1f41073b6563b4875f780cb516961867f9190f58e98,0xc5a39f6d236f327445e5e9ddef94f7cc7f03860f,312383386,31238.3386,80,0,0,0xc5a39f6d236f327445e5e9ddef94f7cc7f03860f,0,0,[],,,3.1414,80,0,0,0,1.0048,0.91995,,,
115,26107244,1790975519,2026-10-02T21:11:59Z,0xec282cc8c0a398c8a671b1a2bdcd743d44e15c118f1172b357a9e3f369967ab6,0xc5a39f6d236f327445e5e9ddef94f7cc7f03860f,287572703,28757.2703,80,0,0,0xc5a39f6d236f327445e5e9ddef94f7cc7f03860f,0,0,[],,,0.7353599,33,27,20,0,1.0048,0.846086,,,
116,26107635,1790980223,2026-10-02T22:30:23Z,0xe96909c0dc737c2cdc36b1e4bd5d7125e9b80d6d970d3c5c86298b54aa1e2315,0x80af113fe9262704b1eef70b373b0497a1290873,275667387,27566.7387,80,0,3,0x3a67599d88f73c2291cd6c952d2615bcf3c4ca3c,1,1,"[{""block"": 26108090, ""ts"": 1790985707, ""tx"": ""0xb01edb2ca08d61d2989dead246d059bd1734f4639bc15da2f6f07755b4154e6d"", ""price_eth"": 0.79, ""venue"": ""seaport listing fill"", ""buyer"": ""0x3a67599d88f73c2291cd6c952d2615bcf3c4ca3c"", ""seller"": ""0x80af113fe9262704b1eef70b373b0497a1290873"", ""flag"": """"}]",0.79,0.79,0.78758099,80,0,0,0,0.984,0.774245,0.824214805,1.07123454,2.86577244e-05
117,26107921,1790983679,2026-10-02T23:27:59Z,0x048187d8af71794d5e3b185f2754bdbac42cb313e940e990e1e0a59766a0d5a8,0x267d170c9c7047cbd64cf7cbe92110383dd11ac9,323779151,32377.9151,80,0,6,,3,2,"[{""block"": 26107930, ""ts"": 1790983787, ""tx"": ""0x0634f2245891e64142eae6e4cc40bbbf69755454f356e56cc353cdbc85d85d5a"", ""price_eth"": 0.711, ""venue"": ""seaport offer accept"", ""buyer"": ""0x4e5f152a08734747123fc58e57d180754eee282b"", ""seller"": ""0x267d170c9c7047cbd64cf7cbe92110383dd11ac9"", ""flag"": """"}, {""block"": 26115822, ""ts"": 1791078755, ""tx"": ""0xf42526685deb14940409d3f5c388f36be79692f744074e25c6004cc1f9f08125"", ""price_eth"": 0.6954, ""venue"": ""seaport listing fill"", ""buyer"": ""0x849a27048de274c084f42551f395823f8fa18f2e"", ""seller"": ""0x4e5f152a08734747123fc58e57d180754eee282b"", ""flag"": """"}]",0.711,0.6954,1.3725,80,0,0,0,0.96,0.879549,0.740625,0.808634028,2.19594127e-05
118,26107952,1790984051,2026-10-02T23:34:11Z,0x1e50e4e583c0a820071a634981b99b444f74b0fa49afdd64d52320e95b683ae3,0xc3f0dfd342ebc9af6a568d7b9e75c4bf1a070cdb,330095994,33009.5994,80,0,5,0xc3f0dfd342ebc9af6a568d7b9e75c4bf1a070cdb,0,0,[],,,0.509889428,60,20,0,0,0.96,0.895323,,,
119,26108004,1790984675,2026-10-02T23:44:35Z,0xadcf0b2e009b66bf89bdbea172b50f742641e12f7d022acf19dee71db44251af,0x6fd69073f458ed3566ddd7f9f37409994ba59a78,338855437,33885.5437,80,0,2,0x6fd69073f458ed3566ddd7f9f37409994ba59a78,0,0,[],,,1.19656,80,0,0,0,0.96,0.914081,,,
120,26108113,1790985983,2026-10-03T00:06:23Z,0x09c493554ded61453e3624490d22800ee8240bcd5f22f57c88d6b855556be9d8,0x2b9d803975c86220f5545f9b39c2dcff5f4aae5c,302448958,30244.8958,80,0,2,0x2b9d803975c86220f5545f9b39c2dcff5f4aae5c,0,0,[],,,1.497342,49,5,26,0,0.958103,0.808229,,,
121,26108256,1790987699,2026-10-03T00:34:59Z,0xf8ebd8ea7a6cde15d6daf05620a0febf823a6ef72d651c51dde4aa8091181de0,0x267d170c9c7047cbd64cf7cbe92110383dd11ac9,296227645,29622.7645,80,0,6,0xddc39ad101e5ae897714febaa3a78f444aa37ab2,2,2,"[{""block"": 26108259, ""ts"": 1790987735, ""tx"": ""0x7f958cedb2fda1669d9e3fb7d9aa30a7192f065ef20defe3f7a91f574e2ffcea"", ""price_eth"": 0.696, ""venue"": ""seaport offer accept"", ""buyer"": ""0xdab629a638974c6e5c34c9a17d4f4e5caca15f63"", ""seller"": ""0x267d170c9c7047cbd64cf7cbe92110383dd11ac9"", ""flag"": """"}, {""block"": 26108449, ""ts"": 1790990027, ""tx"": ""0x9db59ed1253384d36db60fc58bbe5ae9ebab29ca6839ca119200b7197b520e76"", ""price_eth"": 0.76, ""venue"": ""seaport offer accept"", ""buyer"": ""0xddc39ad101e5ae897714febaa3a78f444aa37ab2"", ""seller"": ""0xdab629a638974c6e5c34c9a17d4f4e5caca15f63"", ""flag"": """"}]",0.696,0.76,1.254798,80,0,0,0,0.952,0.785538,0.731092437,0.886042523,2.34954439e-05
122,26108373,1790989103,2026-10-03T00:58:23Z,0x90eb975a7198992091f87180fea653afca2f88509ae155e91ff9b312c006edfb,0xdc2af59a664ae23293fa913c0ae5134ce9a7817c,594664418,59466.4418,80,0,0,0x46376a53ed0714fc3d519d61f227c907dcdd9d4a,1,0,[],,,2.37145838,80,0,0,0,0.928,1.550435,,,
123,26108735,1790993483,2026-10-03T02:11:23Z,0x7fbfba2b8796504c356c88ecdb9bf94238ea28f246461bf7302fb3fb745f9fce,0xf371875a0045b1fd61c4b1166066dcdd3bde1bb6,2643877806,264387.781,640,7,1,0x849a27048de274c084f42551f395823f8fa18f2e,1,1,"[{""block"": 26115756, ""ts"": 1791077963, ""tx"": ""0xf56d5573c78ac597ef879fb9f5d3924f1e0c8ccbd36cdedfaa4522696d144872"", ""price_eth"": 0.62, ""venue"": ""seaport listing fill"", ""buyer"": ""0x849a27048de274c084f42551f395823f8fa18f2e"", ""seller"": ""0xf371875a0045b1fd61c4b1166066dcdd3bde1bb6"", ""flag"": """"}]",0.62,0.62,2.0967,68,12,0,0,7.232,6.638977,0.106456044,0.107243882,2.3450403e-06
124,26108747,1790993627,2026-10-03T02:13:47Z,0xda366890f18bab0fa13530b8972b4f0dedd409fb22e9bd09e6e919818fa4c751,0xf371875a0045b1fd61c4b1166066dcdd3bde1bb6,263754619,26375.4619,80,0,1,,2,1,"[{""block"": 26115756, ""ts"": 1791077963, ""tx"": ""0xf56d5573c78ac597ef879fb9f5d3924f1e0c8ccbd36cdedfaa4522696d144872"", ""price_eth"": 0.62, ""venue"": ""seaport listing fill"", ""buyer"": ""0x849a27048de274c084f42551f395823f8fa18f2e"", ""seller"": ""0xf371875a0045b1fd61c4b1166066dcdd3bde1bb6"", ""flag"": """"}]",0.62,0.62,2.13006,67,13,0,0,0.904,0.661914,0.851648352,1.07501329,2.35066973e-05
125,26108752,1790993687,2026-10-03T02:14:47Z,0x1ccf628fce544e5226b966bbb5d2c7ad825c2ac2e55d37bfcbf5c76a3ae88b67,0xf371875a0045b1fd61c4b1166066dcdd3bde1bb6,314221247,31422.1247,80,0,1,,2,1,"[{""block"": 26115756, ""ts"": 1791077963, ""tx"": ""0xf56d5573c78ac597ef879fb9f5d3924f1e0c8ccbd36cdedfaa4522696d144872"", ""price_eth"": 0.62, ""venue"": ""seaport listing fill"", ""buyer"": ""0x849a27048de274c084f42551f395823f8fa18f2e"", ""seller"": ""0xf371875a0045b1fd61c4b1166066dcdd3bde1bb6"", ""flag"": """"}]",0.62,0.62,1.84437,60,20,0,0,0.904,0.788442,0.851648352,0.90235693,1.97313201e-05
126,26110055,1791009359,2026-10-03T06:35:59Z,0x2869f98487bcea33e10c36a7436311f791943adacf86b05cd4e7b0eef6f235a5,0x849a27048de274c084f42551f395823f8fa18f2e,354761273,35476.1273,80,0,6,,1,0,[],,,0.868379957,79,0,1,0,0.864,0.860612,,,
127,26111002,1791020759,2026-10-03T09:45:59Z,0x376ebe331e4728c6fa50fa8a8bd162c2679efc906626a52d04e8a76e4419a542,0xa518de2c80de79888cc290039035e39fc2d539d9,353425047,35342.5047,80,0,6,0x4822e439e6be2a3e9829a27b63988db46e5f0780,1,1,"[{""block"": 26130153, ""ts"": 1791251339, ""tx"": ""0x27511da7573b39cc583089529bc056576718b9465132e64aa1ddbdd2234f5d67"", ""price_eth"": 0.86, ""venue"": ""seaport listing fill"", ""buyer"": ""0x4822e439e6be2a3e9829a27b63988db46e5f0780"", ""seller"": ""0xa518de2c80de79888cc290039035e39fc2d539d9"", ""flag"": """"}]",0.86,0.86,0,0,0,80,0,0.816,0.816717,1.22159091,1.11542689,2.43333065e-05
128,26111005,1791020795,2026-10-03T09:46:35Z,0x3e96ce124756e284c33cdf08fa78743e343b213b2810858e9ede142865d83249,0xa518de2c80de79888cc290039035e39fc2d539d9,377677473,37767.7473,80,0,1,0xa74e8583a17e339d98983161e529019e226584c2,1,1,"[{""block"": 26129968, ""ts"": 1791249107, ""tx"": ""0x3b08051fb609b578a219db749ca7978178663fbbd0dd0bbe6bd451a757da7036"", ""price_eth"": 0.85, ""venue"": ""seaport listing fill"", ""buyer"": ""0xa74e8583a17e339d98983161e529019e226584c2"", ""seller"": ""0xa518de2c80de79888cc290039035e39fc2d539d9"", ""flag"": """"}]",0.85,0.85,0,0,0,80,0,0.816,0.872585,1.21050893,1.04107799,2.25059756e-05
129,26111011,1791020867,2026-10-03T09:47:47Z,0x9e865f6e10a36b31d73d6b989fb893ffb0c59c21db97f942b07cb6b6a668abd4,0xa518de2c80de79888cc290039035e39fc2d539d9,336617125,33661.7125,80,0,6,0x047f606fd5b2baa5f5c6c4ab8958e45cb6b054b7,1,1,"[{""block"": 26127317, ""ts"": 1791217163, ""tx"": ""0xe3aba84164d4342517e674212a64701705cab9c7468a69b72e5e5ef180509d55"", ""price_eth"": 0.75, ""venue"": ""seaport listing fill"", ""buyer"": ""0x047f606fd5b2baa5f5c6c4ab8958e45cb6b054b7"", ""seller"": ""0xa518de2c80de79888cc290039035e39fc2d539d9"", ""flag"": """"}]",0.75,0.75,0,0,69,11,0,0.816,0.777719,1.26711449,1.2336332,2.22805064e-05
130,26111768,1791029963,2026-10-03T12:19:23Z,0xd3591f1dbf15b591f9029ca5d933deecfd3b66bb5879003a40f4582834fbf3b3,0x3463a3def870f2352d3886a1d1e65b288cb59835,355237281,35523.7281,80,0,0,0xff0e8c03cc1f8cc4c1228308b2427bb40227d547,1,0,[],,,2.210855,80,0,0,0,0.8,0.819552,,,
131,26112014,1791032927,2026-10-03T13:08:47Z,0x16760bdf139a4ad69f82d5c093ff985dcbe24da8aa8bb6f8ce8bea8bf91a39d1,0x8b1bff4c5b6c4855ed7d9b0a409ac64edc352569,472246707,47224.6707,80,0,4,0x8b1bff4c5b6c4855ed7d9b0a409ac64edc352569,0,0,[],,,1.789731,63,0,17,0,0.8,1.082856,,,
132,26112219,1791035387,2026-10-03T13:49:47Z,0xe8b5c7ad0b7c5fca27809e172fe48c744af307de399ab3a6341db5d5413f0083,0xaff94727d3b9afa933635ef6c95e9707af7e73ef,294450094,29445.0094,80,0,0,0x39d0874a6f23483e0e09528728c0e2ca0bf648ad,1,1,"[{""block"": 26112235, ""ts"": 1791035579, ""tx"": ""0x54ea3386c522fb88a2daf7c6009bddc03ded6680a10d8b64b1af4474adddc74d"", ""price_eth"": 0.55539, ""venue"": ""seaport listing fill"", ""buyer"": ""0x39d0874a6f23483e0e09528728c0e2ca0bf648ad"", ""seller"": ""0xaff94727d3b9afa933635ef6c95e9707af7e73ef"", ""flag"": """"}]",0.55539,0.55539,2.66304,80,0,0,0,0.7872,0.668022,0.708405612,0.831469457,1.886194e-05
133,26112225,1791035459,2026-10-03T13:50:59Z,0x0a4ec71b0ee36f68be922673ef59c6a12df143ad9ed1a492f725d5f91c05d015,0xaff94727d3b9afa933635ef6c95e9707af7e73ef,283193386,28319.3386,80,0,0,0x57511d586ad667b7e5032dfb51acfcf41952e601,1,1,"[{""block"": 26112236, ""ts"": 1791035591, ""tx"": ""0xfd0664d296fc370b81d9b4307f4b2c58a4b583a24629c9d6b364154b39079a13"", ""price_eth"": 0.5544, ""venue"": ""seaport listing fill"", ""buyer"": ""0x57511d586ad667b7e5032dfb51acfcf41952e601"", ""seller"": ""0xaff94727d3b9afa933635ef6c95e9707af7e73ef"", ""flag"": """"}]",0.5544,0.5544,2.65504,80,0,0,0,0.784,0.642616,0.707142857,0.862978662,1.95767284e-05
134,26112869,1791043223,2026-10-03T16:00:23Z,0xa3684854beb366d81b9a808cbf44c03bd3423e02cccd014618ba685fc229d793,0x6caeb9953ba8625226345cf39f93541ce53abfd2,323920043,32392.0043,80,0,1,0x181a33d257e4d660144c0ac5ac0754fe00f0e28d,1,0,[],,,0,0,0,80,0,0.765729,0.696928,,,
135,26112912,1791043739,2026-10-03T16:08:59Z,0xddce45fdaf0d80901f3969ed8cdb91400b6bf46facbd19caa786d472a570d466,0x0086cddfd4982a92958aea12515578b3ab30eb3a,259581311,25958.1311,80,0,7,0x0086cddfd4982a92958aea12515578b3ab30eb3a,0,0,[],,,0.760363408,80,0,0,18,0.76,0.557876,,,
136,26113095,1791045947,2026-10-03T16:45:47Z,0x21fd29c05f37e58c6e98b33ae15324b6feac909d4743f49fc284d4b448b951e2,0xcc01e85a6f86fec8ae7e7c2a2600d73e7aa44699,569822279,56982.2279,80,0,7,,1,0,[],,,0.648861699,38,0,42,0,0.758148,1.222236,,,
137,26113533,1791051215,2026-10-03T18:13:35Z,0xfb06c86ad97d47169ada496f0c6a713ba6b54a9cf7bed9bd5bf57106df433459,0x6caeb9953ba8625226345cf39f93541ce53abfd2,429108961,42910.8961,80,0,1,0x07740fc92a5c7b3be799f35497150cab6a4edc71,2,1,"[{""block"": 26127883, ""ts"": 1791223979, ""tx"": ""0x4b38f3f1df2178d40fe648855529d36610cef604ca601e9e633afaa4404de593"", ""price_eth"": 0.74, ""venue"": ""seaport listing fill"", ""buyer"": ""0x07740fc92a5c7b3be799f35497150cab6a4edc71"", ""seller"": ""0xf2177e53db73cdaa0bd15d891d3d3378a4098376"", ""flag"": """"}]",0.74,0.74,0,0,0,80,0,0.744,0.910946,1.23333333,0.911080665,1.72450372e-05
138,26115052,1791069491,2026-10-03T23:18:11Z,0x517d517eef8b30fbb43d7b4dc6bd6f62678d2fa110238635096bf46e5cf519a1,0x2e653a62ca5e41f5dd2e7d245c27661852f103b1,283023440,28302.344,80,0,4,0x2e653a62ca5e41f5dd2e7d245c27661852f103b1,0,0,[],,,2.6021424,80,0,0,0,0.727828,0.598955,,,
139,26115416,1791073871,2026-10-04T00:31:11Z,0x12f58be820352cc1953f5a825380428906e9ef7d4d52b30c4e78c29f5a7cda79,0x4f7d60750ca31cc926e884049a644915bbbb0023,405248618,40524.8618,80,0,1,0x4f7d60750ca31cc926e884049a644915bbbb0023,0,0,[],,,0.943155604,79,1,0,3,0.735354,0.856051,,,
140,26116143,1791082619,2026-10-04T02:56:59Z,0x352463b46ed6d037682f47d29242a343da875e41dea699360138dc6162393a21,0xfa0da791c07925a092fcb4ce71a70457e728658a,285810297,28581.0297,80,0,5,0xfa0da791c07925a092fcb4ce71a70457e728658a,0,0,[],,,2.518931,80,0,0,0,0.728,0.615462,,,
141,26116461,1791086447,2026-10-04T04:00:47Z,0x6ab98f07f34ee87ed5fec88acf2aa3dd085d53205e0f5c10831f2de005624662,0xacc952aae0166812f3cdbc70661bd56102e76885,279828495,27982.8495,80,0,6,0xacc952aae0166812f3cdbc70661bd56102e76885,0,0,[],,,2.1758798,68,12,0,0,0.72,0.593498,,,
142,26116509,1791087023,2026-10-04T04:10:23Z,0x4f0c22aec0524ed8c8843ead029b884621568166b60d0afc42930a0e8716d834,0x4690ffa52c9ffcfcf911dd2e4e0ab122b6f9f88d,304700006,30470.0006,80,0,1,0x4690ffa52c9ffcfcf911dd2e4e0ab122b6f9f88d,0,0,[],,,0.25731,29,51,0,0,0.72,0.643152,,,
143,26118465,1791110603,2026-10-04T10:43:23Z,0x26aa187a9c5d421cb4acff4617e1866816daf28046bb293c6cfd854ee701ad95,0x62bdf8b3d683d04fa55ad59e8ae2b0b4b391119d,293788921,29378.8921,80,0,2,0x62bdf8b3d683d04fa55ad59e8ae2b0b4b391119d,0,0,[],,,0.643516565,78,1,1,8,0.72,0.613634,,,
144,26121115,1791142475,2026-10-04T19:34:35Z,0xc37e5aa73649fee732469daeb0916f4182bc20101f626e9a6c4e2645067d006e,0x035c0995a1e2b93fbf49310636959745573c1a62,299583826,29958.3826,80,0,1,0x035c0995a1e2b93fbf49310636959745573c1a62,0,0,[],,,0.554925,74,2,4,0,0.68,0.584405,,,
145,26121554,1791147767,2026-10-04T21:02:47Z,0x9b163fa10f5fb1f88afa6c2b0f1e93087a371cd594e6d5d311b21b6932636274,0xcc0d933072aa3c83a25b063336fd7d10eb305b86,349255168,34925.5168,80,0,0,0xcc0d933072aa3c83a25b063336fd7d10eb305b86,0,0,[],,,0.2360259,31,0,49,19,0.64,0.656706,,,
146,26121717,1791149735,2026-10-04T21:35:35Z,0xd275c60394435138559f09efff5159ee9934c06d7c927f12d2e31a7bab9959c3,0x3bc0ab9c16bb49b0b2f5dbdda1a99ecb63acc08f,316680036,31668.0036,80,0,4,0x3bc0ab9c16bb49b0b2f5dbdda1a99ecb63acc08f,0,0,[],,,0.971564737,78,1,1,0,0.632,0.586897,,,
147,26121870,1791151571,2026-10-04T22:06:11Z,0xfb9328a491800398474bf165c21fd4bc179ee587dee57e9b43daea936f963c98,0x6330cdfe9ab3b9f9600f61f9ef5c06477bfd8d58,292980006,29298.0006,80,0,2,0x6330cdfe9ab3b9f9600f61f9ef5c06477bfd8d58,0,0,[],,,0.9705,38,0,42,0,0.6312,0.541453,,,
148,26123988,1791177023,2026-10-05T05:10:23Z,0x44aa8e450324d90b7316e2dac58422363d4ec6956218aad51d09492d9e5d35ef,0x6b1fcd4157d96c72362ecc47ecdc1cd574f8c12a,324240913,32424.0913,80,0,0,0x6b1fcd4157d96c72362ecc47ecdc1cd574f8c12a,0,0,[],,,0.704041576,64,15,1,0,0.608,0.607265,,,
149,26127811,1791223115,2026-10-05T17:58:35Z,0x273ea668666b59493ad2b78bc71f72d3b9f5926ebaa3939bcc0643a06e22fb8d,0xe83105d4e5b144e388d7d35c65c44e0da8c8016f,225546978,22554.6978,80,0,2,0xe83105d4e5b144e388d7d35c65c44e0da8c8016f,0,0,[],,,0.685976597,80,0,0,0,0.592,0.424683,,,
150,26128995,1791237335,2026-10-05T21:55:35Z,0x530d497e992889f189cbafde8e8fc82f77866279aa36b0c77efeb86ecc0f4a56,0x2623f7bf2425d456669a0614a490cfa8f20d6c7a,287801318,28780.1318,80,0,0,0x2623f7bf2425d456669a0614a490cfa8f20d6c7a,0,0,[],,,1.30795795,74,0,6,0,0.648,0.569632,,,
151,26130023,1791249767,2026-10-06T01:22:47Z,0xfbeddfccbe9096090d3774c3d59a5d926f294e3c5d88ab98792aff2110330fe3,0x52083738ea95de95787373bf55da30546f4eb669,622359646,62235.9646,80,0,2,0x52083738ea95de95787373bf55da30546f4eb669,0,0,[],,,1.35974466,63,0,17,0,0.70384,1.347757,,,
152,26130109,1791250811,2026-10-06T01:40:11Z,0x9d575fb28fde93ec79f337bbb84b99a626cda062c48e6e8c8918ee1c33ddf3d1,0x4822e439e6be2a3e9829a27b63988db46e5f0780,470514093,47051.4093,80,0,4,0x4822e439e6be2a3e9829a27b63988db46e5f0780,0,0,[],,,1.245562,80,0,0,23,0.704,1.022277,,,
153,26130259,1791252623,2026-10-06T02:10:23Z,0x8ce986d7ff234f95bd70ac9131615a974214001b2c748a2b2d7890bcddcceb12,0xd8cadfd2fbb21916be26bf24c05e41a826c53849,230733983,23073.3983,80,0,0,0xd8cadfd2fbb21916be26bf24c05e41a826c53849,0,0,[],,,0.649512261,57,23,0,0,0.71192,0.506434,,,
