date,partial_day,credits_bought,credits_bought_eth,bought_price_eth_median,bought_mean_score_pts,credits_sold,credits_sold_eth,sold_price_eth_median,arb_roundtrips,inventory_end,listings_outstanding_end,list_price_eth_min,list_price_eth_p10,list_price_eth_p50,list_price_eth_p90,list_price_eth_max,inventory_mean_score_pts,pool_swaps,pool_distinct_traders,pool_eth_volume,pool_buy_coin_eth,pool_sell_coin_eth,hook_fee_eth_at_10pct,strategy_share_eth_at_8pct,strategy_eth_inflow_implied,buyback_count,buyback_eth,buyback_coins_burned,strategy_eth_balance_end,coin_price_eth_end
2026-09-23,1,1962,65.9,0.03,360.719967,78,2.784,0.036,20,1884,1884,0.03,0.036,0.036,0.048,0.072,359.127866,5489,1006,1557.12145,818.810171,738.311283,155.712145,124.569716,376.872021,56,2.77008,4613298.9,310.985941,4.44437445e-07
2026-09-24,0,1299,42.18,0.03,358.368808,197,6.024,0.03,62,2986,2986,0.036,0.036,0.036,0.048,0.072,357.94145,665,226,80.6476764,36.5857602,44.0619162,8.06476764,6.45181411,6.16453864,157,5.99388,12260425.2,275.0006,3.83724724e-07
2026-09-25,0,1470,43.14,0.03,365.155886,4,0.132,0.033,0,4452,4452,0.03,0.036,0.036,0.048,0.072,359.99785,185,88,41.9393217,17.8873469,24.0519748,4.19393217,3.35514574,3.22329379,4,0.13134,308354.884,235.084553,3.37015372e-07
2026-09-26,0,1593,43.795,0.025,373.352157,0,0,,0,6045,6045,0.03,0.03,0.036,0.048,0.072,363.517025,193,91,46.2277131,15.9861897,30.2415235,4.62277131,3.69821705,3.57941303,0,0,0,194.868967,2.40608566e-07
2026-09-27,0,1506,43.275,0.03,372.876026,10,0.36,0.036,0,7541,7541,0.03,0.03,0.036,0.042,0.072,365.227736,229,100,57.0817152,30.9080108,26.1737044,5.70817152,4.56653722,4.34014374,6,0.3582,1290969.9,155.93591,2.70828869e-07
2026-09-28,0,1671,44.225,0.025,376.843323,17,0.534,0.03,0,9195,9195,0.03,0.03,0.036,0.042,0.072,367.026354,71,40,12.7505327,6.16118458,6.58934815,1.27505327,1.02004262,0.972288271,5,0.53133,1716231.3,112.685869,2.68022281e-07
2026-09-29,0,1469,43.23,0.03,383.131595,122,3.894,0.03,0,10542,10542,0.03,0.03,0.036,0.042,0.072,367.146911,195,65,27.7784385,16.7310194,11.0474191,2.77784385,2.22227508,2.08167196,46,3.87453,11536498.3,71.5570105,3.06468855e-07
2026-09-30,0,1432,42.99,0.03,387.033246,193,6.654,0.036,0,11781,11781,0.03,0.03,0.036,0.042,0.072,367.82347,399,91,57.612166,28.4651181,29.1470479,5.7612166,4.60897328,4.37444297,111,6.62073,18124022.7,32.9747234,3.01719971e-07
2026-10-01,0,1148,33.87041,0.03,403.55836,30,1.032,0.036,0,12899,12899,0.0268317827,0.03,0.036,0.042,0.072,370.773405,123,53,11.789136,3.57912598,8.21001006,1.1789136,0.943130883,0.910186115,28,1.02684,3044473.01,0.0196595654,2.70451917e-07
2026-10-02,0,191,3.22673667,0.015,406.47492,10,0.248651343,0.024,2,13080,13080,0.012,0.03,0.036,0.042,0.138,371.244758,153,96,40.761548,8.14274709,32.6188009,4.0761548,3.26092384,3.20583385,8,0.247408087,1384822.98,0,1.3359191e-07
2026-10-03,0,38,0.411319696,0.01,310.306011,7,0.11096622,0.012,0,13111,13111,0.012,0.03,0.036,0.042,0.138,370.9089,42,29,5.28529971,1.0523087,4.23299102,0.528529971,0.422823977,0.414165966,7,0.110411389,823497.777,0.00340110125,1.19314067e-07
2026-10-04,0,14,0.144802368,0.01,335.247243,1,0.00764722498,0.00764722498,0,13124,13124,0.010217499,0.03,0.036,0.042,0.138,370.881045,17,12,1.92815299,1.48139878,0.446754215,0.192815299,0.154252239,0.143586656,1,0.00760898886,55290.5377,0.00222362574,1.23869982e-07
2026-10-05,0,15,0.189247335,0.01,282.95984,2,0.024,0.012,0,13137,13137,0.010217499,0.03,0.036,0.042,0.138,370.775374,23,13,2.60304116,2.19161763,0.41142353,0.260304116,0.208243293,0.191907324,2,0.02388,162988.505,0.00500361468,1.31908608e-07
2026-10-06,1,2,0.026574492,0.013287246,269.93005,7,0.0813143013,0.012,1,13132,13132,0.0118981174,0.03,0.036,0.042,0.138,370.712472,12,5,0.422184048,0.383729752,0.038454296,0.0422184048,0.0337747238,0.0211643058,3,0.0809077298,547844.518,0,1.33496989e-07
